"source_id","site","url","terms","title","collection_channel","source_file","first_round_status","manual_status","notes"
"C0001","AGENTS.md","https://agents.md/","AGENTS.md","AGENTS.md official website","manual_seed","source_registry.csv","UNSCREENED","",""
"C0002","Google AI Studio","https://ai.google.dev/gemini-api/docs/aistudio-agents","AGENTS.md","AI Studio agents docs","manual_seed","source_registry.csv","UNSCREENED","",""
"C0003","Aider","https://aider.chat/docs/config/aider_conf.html","AGENTS.md","YAML configuration","manual_seed","source_registry.csv","UNSCREENED","",""
"C0004","Aider","https://aider.chat/docs/usage/conventions.html","AGENTS.md","Coding conventions","manual_seed","source_registry.csv","UNSCREENED","",""
"C0005","Amp","https://ampcode.com/manual","AGENTS.md","Amp owner manual","manual_seed","source_registry.csv","UNSCREENED","",""
"C0006","Amp","https://ampcode.com/news/AGENTS.md","AGENTS.md","From AGENT.md to AGENTS.md","manual_seed","source_registry.csv","UNSCREENED","",""
"C0007","Amp","https://ampcode.com/news/globs-in-AGENTS.md","AGENTS.md","Globs in AGENTS.md","manual_seed","source_registry.csv","UNSCREENED","",""
"C0008","Amp","https://ampcode.com/news/multiple-AGENT.md-files","AGENT.md","Multiple AGENT.md files","manual_seed","source_registry.csv","UNSCREENED","",""
"C0009","Amp","https://ampcode.com/notes/putting-an-agent-in-an-orb","AGENTS.md","Putting an Agent in an Orb","manual_seed","source_registry.csv","UNSCREENED","",""
"C0010","goose","https://block.github.io/goose/","AGENTS.md","goose documentation","manual_seed","source_registry.csv","UNSCREENED","",""
"C0011","JetBrains","https://blog.jetbrains.com/blog/2025/12/09/jetbrains-joins-the-agentic-artificial-intelligence-foundation/","AGENTS.md","JetBrains joins AAIF","manual_seed","source_registry.csv","UNSCREENED","",""
"C0012","Kilo Code","https://blog.kilo.ai/p/agentsmd-may-trick-us-into-writing","AGENTS.md;CLAUDE.md;agents.md","AGENTS.md may trick us into writing better docs","manual_seed;sitemap_exact_term","source_registry.csv;sitemap_exact_term","UNSCREENED","",""
"C0013","Kilo","https://blog.kilo.ai/p/better-agents-cli-with-kilo-code","AGENTS.md;agents.md","Better Agents CLI with Kilo Code and LangWatch","sitemap_exact_term","sitemap_exact_term","UNSCREENED","",""
"C0014","Kilo","https://blog.kilo.ai/p/kiloclaw-in-vs-code-kilo-cli-in-kiloclaw","AGENTS.md;agents.md","KiloClaw in VS Code, Kilo CLI in KiloClaw","sitemap_exact_term","sitemap_exact_term","UNSCREENED","",""
"C0015","VS Code","https://code.visualstudio.com/docs/copilot/copilot-customization","AGENTS.md","Copilot customization","manual_seed","source_registry.csv","UNSCREENED","",""
"C0016","OpenAI Codex","https://developers.openai.com/codex/concepts/customization","AGENTS.md","Codex customization","manual_seed","source_registry.csv","UNSCREENED","",""
"C0017","OpenAI Codex","https://developers.openai.com/codex/config-advanced","AGENTS.md","Advanced configuration","manual_seed","source_registry.csv","UNSCREENED","",""
"C0018","OpenAI Codex","https://developers.openai.com/codex/config-reference","AGENTS.md","Configuration reference","manual_seed","source_registry.csv","UNSCREENED","",""
"C0019","OpenAI Codex","https://developers.openai.com/codex/config-sample","AGENTS.md","Sample configuration","manual_seed","source_registry.csv","UNSCREENED","",""
"C0020","OpenAI Codex","https://developers.openai.com/codex/guides/agents-md","AGENTS.md","Custom instructions with AGENTS.md","manual_seed","source_registry.csv","UNSCREENED","",""
"C0021","OpenAI Codex","https://developers.openai.com/codex/learn/best-practices","AGENTS.md","Codex best practices","manual_seed","source_registry.csv","UNSCREENED","",""
"C0022","Anthropic Claude Code","https://docs.anthropic.com/en/docs/claude-code/hooks-guide","CLAUDE.md","Claude Code hooks guide","manual_seed","source_registry.csv","UNSCREENED","",""
"C0023","Anthropic Claude Code","https://docs.anthropic.com/en/docs/claude-code/memory","CLAUDE.md;AGENTS.md","Claude Code memory","manual_seed","source_registry.csv","UNSCREENED","",""
"C0024","Anthropic Claude Code","https://docs.anthropic.com/en/docs/claude-code/settings","CLAUDE.md","Claude Code settings","manual_seed","source_registry.csv","UNSCREENED","",""
"C0025","Anthropic Claude Code","https://docs.anthropic.com/en/docs/claude-code/sub-agents","CLAUDE.md","Claude Code subagents","manual_seed","source_registry.csv","UNSCREENED","",""
"C0026","Augment Code","https://docs.augmentcode.com/cli/rules","AGENTS.md;CLAUDE.md;agents.md","Rules","manual_seed;sitemap_exact_term","source_registry.csv;sitemap_exact_term","UNSCREENED","",""
"C0027","Augment Docs","https://docs.augmentcode.com/codereview/cross-repo-context","AGENTS.md;agents.md","Cross Repo Context - Augment","sitemap_exact_term","sitemap_exact_term","UNSCREENED","",""
"C0028","Augment Docs","https://docs.augmentcode.com/codereview/review-guidelines","AGENTS.md;CLAUDE.md;agents.md","Review Guidelines - Augment","sitemap_exact_term","sitemap_exact_term","UNSCREENED","",""
"C0029","Augment Code","https://docs.augmentcode.com/setup-augment/guidelines","AGENTS.md;CLAUDE.md;agents.md","Setup guidelines","manual_seed;sitemap_exact_term","source_registry.csv;sitemap_exact_term","UNSCREENED","",""
"C0030","Google Cloud","https://docs.cloud.google.com/mainframe-assessment-tool/docs/modernize-validate","AGENTS.md","Mainframe Assessment Tool modernize and validate","manual_seed","source_registry.csv","UNSCREENED","",""
"C0031","Cursor","https://docs.cursor.com/context/rules","AGENTS.md","Cursor rules","manual_seed","source_registry.csv","UNSCREENED","",""
"C0032","Devin","https://docs.devin.ai/cli/extensibility/rules","AGENTS.md;CLAUDE.md;agents.md","Rules & AGENTS.md - Devin Docs","sitemap_exact_term","sitemap_exact_term","UNSCREENED","",""
"C0033","Devin","https://docs.devin.ai/cli/subagents","AGENTS.md;agents.md","Subagents - Devin Docs","sitemap_exact_term","sitemap_exact_term","UNSCREENED","",""
"C0034","Devin","https://docs.devin.ai/de/cli/extensibility/rules","AGENTS.md;CLAUDE.md;agents.md","Regeln & AGENTS.md - Devin Docs","sitemap_exact_term","sitemap_exact_term","UNSCREENED","",""
"C0035","Devin","https://docs.devin.ai/de/cli/subagents","AGENTS.md;agents.md","Subagenten - Devin Docs","sitemap_exact_term","sitemap_exact_term","UNSCREENED","",""
"C0036","Devin","https://docs.devin.ai/de/desktop/cascade/agents-md","AGENTS.md;agents.md","AGENTS.md - Devin Docs","sitemap_exact_term","sitemap_exact_term","UNSCREENED","",""
"C0037","Devin","https://docs.devin.ai/de/desktop/cascade/app-deploys","AGENTS.md;agents.md","App Deploys","sitemap_exact_term","sitemap_exact_term","UNSCREENED","",""
"C0038","Devin","https://docs.devin.ai/de/desktop/cascade/arena","AGENTS.md;agents.md","Arena-Modus - Devin Docs","sitemap_exact_term","sitemap_exact_term","UNSCREENED","",""
"C0039","Devin","https://docs.devin.ai/de/desktop/cascade/cascade","AGENTS.md;agents.md","Devin Desktop - Cascade","sitemap_exact_term","sitemap_exact_term","UNSCREENED","",""
"C0040","Devin","https://docs.devin.ai/de/desktop/cascade/hooks","AGENTS.md;agents.md","Cascade Hooks","sitemap_exact_term","sitemap_exact_term","UNSCREENED","",""
"C0041","Devin","https://docs.devin.ai/de/desktop/cascade/mcp","AGENTS.md;agents.md","Cascade MCP-Integration","sitemap_exact_term","sitemap_exact_term","UNSCREENED","",""
"C0042","Devin","https://docs.devin.ai/de/desktop/cascade/memories","AGENTS.md;agents.md","Cascade Memories","sitemap_exact_term","sitemap_exact_term","UNSCREENED","",""
"C0043","Devin","https://docs.devin.ai/de/desktop/cascade/modes","AGENTS.md;agents.md","Cascade-Modi","sitemap_exact_term","sitemap_exact_term","UNSCREENED","",""
"C0044","Devin","https://docs.devin.ai/de/desktop/cascade/skills","AGENTS.md;agents.md","Cascade Skills","sitemap_exact_term","sitemap_exact_term","UNSCREENED","",""
"C0045","Devin","https://docs.devin.ai/de/desktop/cascade/web-search","AGENTS.md;agents.md","Web- und Dokumentationssuche - Devin Docs","sitemap_exact_term","sitemap_exact_term","UNSCREENED","",""
"C0046","Devin","https://docs.devin.ai/de/desktop/cascade/workflows","AGENTS.md;agents.md","Workflows - Devin Docs","sitemap_exact_term","sitemap_exact_term","UNSCREENED","",""
"C0047","Devin","https://docs.devin.ai/de/desktop/cascade/worktrees","AGENTS.md;agents.md","Worktrees - Devin Docs","sitemap_exact_term","sitemap_exact_term","UNSCREENED","",""
"C0048","Devin","https://docs.devin.ai/de/essential-guidelines/good-vs-bad-instructions","AGENTS.md;agents.md","Gute vs. schlechte Anweisungen - Devin Docs","sitemap_exact_term","sitemap_exact_term","UNSCREENED","",""
"C0049","Devin","https://docs.devin.ai/de/essential-guidelines/instructing-devin-effectively","AGENTS.md;agents.md","Devin effektiv anweisen - Devin Docs","sitemap_exact_term","sitemap_exact_term","UNSCREENED","",""
"C0050","Devin","https://docs.devin.ai/de/essential-guidelines/prompt-templates-cheat-sheet","AGENTS.md;agents.md","Kurzreferenz für Prompt-Vorlagen - Devin Docs","sitemap_exact_term","sitemap_exact_term","UNSCREENED","",""
"C0051","Devin","https://docs.devin.ai/de/essential-guidelines/sdlc-integration","AGENTS.md;agents.md","Wie fügt sich Devin in den bestehenden SDLC ein? - Devin Docs","sitemap_exact_term","sitemap_exact_term","UNSCREENED","",""
"C0052","Devin","https://docs.devin.ai/de/essential-guidelines/when-to-use-devin","AGENTS.md;agents.md","Wann Sie Devin einsetzen sollten - Devin Docs","sitemap_exact_term","sitemap_exact_term","UNSCREENED","",""
"C0053","Devin","https://docs.devin.ai/de/onboard-devin/agents-md","AGENTS.md;agents.md","AGENTS.md - Devin Docs","sitemap_exact_term","sitemap_exact_term","UNSCREENED","",""
"C0054","Devin","https://docs.devin.ai/desktop/cascade/agents-md","AGENTS.md;agents.md","Devin Desktop AGENTS.md","manual_seed;sitemap_exact_term","source_registry.csv;sitemap_exact_term","UNSCREENED","",""
"C0055","Devin","https://docs.devin.ai/desktop/cascade/app-deploys","AGENTS.md;agents.md","App Deploys","sitemap_exact_term","sitemap_exact_term","UNSCREENED","",""
"C0056","Devin","https://docs.devin.ai/desktop/cascade/arena","AGENTS.md;agents.md","Arena Mode - Devin Docs","sitemap_exact_term","sitemap_exact_term","UNSCREENED","",""
"C0057","Devin","https://docs.devin.ai/desktop/cascade/cascade","AGENTS.md;agents.md","Devin Desktop - Cascade","sitemap_exact_term","sitemap_exact_term","UNSCREENED","",""
"C0058","Devin","https://docs.devin.ai/desktop/cascade/hooks","AGENTS.md;agents.md","Cascade Hooks","sitemap_exact_term","sitemap_exact_term","UNSCREENED","",""
"C0059","Devin","https://docs.devin.ai/desktop/cascade/mcp","AGENTS.md;agents.md","Cascade MCP Integration","sitemap_exact_term","sitemap_exact_term","UNSCREENED","",""
"C0060","Devin","https://docs.devin.ai/desktop/cascade/memories","AGENTS.md;agents.md","Cascade Memories","sitemap_exact_term","sitemap_exact_term","UNSCREENED","",""
"C0061","Devin","https://docs.devin.ai/desktop/cascade/modes","AGENTS.md;agents.md","Cascade Modes","sitemap_exact_term","sitemap_exact_term","UNSCREENED","",""
"C0062","Devin","https://docs.devin.ai/desktop/cascade/skills","AGENTS.md;agents.md","Cascade Skills","sitemap_exact_term","sitemap_exact_term","UNSCREENED","",""
"C0063","Devin","https://docs.devin.ai/desktop/cascade/web-search","AGENTS.md;agents.md","Web and Docs Search - Devin Docs","sitemap_exact_term","sitemap_exact_term","UNSCREENED","",""
"C0064","Devin","https://docs.devin.ai/desktop/cascade/workflows","AGENTS.md;agents.md","Workflows - Devin Docs","sitemap_exact_term","sitemap_exact_term","UNSCREENED","",""
"C0065","Devin","https://docs.devin.ai/desktop/cascade/worktrees","AGENTS.md;agents.md","Worktrees - Devin Docs","sitemap_exact_term","sitemap_exact_term","UNSCREENED","",""
"C0066","Devin","https://docs.devin.ai/es/cli/extensibility/rules","AGENTS.md;CLAUDE.md;agents.md","Reglas y AGENTS.md - Devin Docs","sitemap_exact_term","sitemap_exact_term","UNSCREENED","",""
"C0067","Devin","https://docs.devin.ai/es/cli/subagents","AGENTS.md;agents.md","Subagentes - Devin Docs","sitemap_exact_term","sitemap_exact_term","UNSCREENED","",""
"C0068","Devin","https://docs.devin.ai/es/desktop/cascade/agents-md","AGENTS.md;agents.md","AGENTS.md - Devin Docs","sitemap_exact_term","sitemap_exact_term","UNSCREENED","",""
"C0069","Devin","https://docs.devin.ai/es/desktop/cascade/app-deploys","AGENTS.md;agents.md","App Deploys","sitemap_exact_term","sitemap_exact_term","UNSCREENED","",""
"C0070","Devin","https://docs.devin.ai/es/desktop/cascade/arena","AGENTS.md;agents.md","Modo Arena - Devin Docs","sitemap_exact_term","sitemap_exact_term","UNSCREENED","",""
"C0071","Devin","https://docs.devin.ai/es/desktop/cascade/cascade","AGENTS.md;agents.md","Devin Desktop - Cascade","sitemap_exact_term","sitemap_exact_term","UNSCREENED","",""
"C0072","Devin","https://docs.devin.ai/es/desktop/cascade/hooks","AGENTS.md;agents.md","Hooks de Cascade","sitemap_exact_term","sitemap_exact_term","UNSCREENED","",""
"C0073","Devin","https://docs.devin.ai/es/desktop/cascade/mcp","AGENTS.md;agents.md","Integración de Cascade con MCP","sitemap_exact_term","sitemap_exact_term","UNSCREENED","",""
"C0074","Devin","https://docs.devin.ai/es/desktop/cascade/memories","AGENTS.md;agents.md","Memorias de Cascade","sitemap_exact_term","sitemap_exact_term","UNSCREENED","",""
"C0075","Devin","https://docs.devin.ai/es/desktop/cascade/modes","AGENTS.md;agents.md","Modos de Cascade","sitemap_exact_term","sitemap_exact_term","UNSCREENED","",""
"C0076","Devin","https://docs.devin.ai/es/desktop/cascade/skills","AGENTS.md;agents.md","skills de Cascade","sitemap_exact_term","sitemap_exact_term","UNSCREENED","",""
"C0077","Devin","https://docs.devin.ai/es/desktop/cascade/web-search","AGENTS.md;agents.md","Búsqueda en la web y en la documentación - Devin Docs","sitemap_exact_term","sitemap_exact_term","UNSCREENED","",""
"C0078","Devin","https://docs.devin.ai/es/desktop/cascade/workflows","AGENTS.md;agents.md","Flujos de trabajo - Devin Docs","sitemap_exact_term","sitemap_exact_term","UNSCREENED","",""
"C0079","Devin","https://docs.devin.ai/es/desktop/cascade/worktrees","AGENTS.md;agents.md","Worktrees - Devin Docs","sitemap_exact_term","sitemap_exact_term","UNSCREENED","",""
"C0080","Devin","https://docs.devin.ai/es/essential-guidelines/good-vs-bad-instructions","AGENTS.md;agents.md","Buenas vs. Malas Instrucciones - Devin Docs","sitemap_exact_term","sitemap_exact_term","UNSCREENED","",""
"C0081","Devin","https://docs.devin.ai/es/essential-guidelines/instructing-devin-effectively","AGENTS.md;agents.md","Cómo instruir a Devin de forma eficaz - Devin Docs","sitemap_exact_term","sitemap_exact_term","UNSCREENED","",""
"C0082","Devin","https://docs.devin.ai/es/essential-guidelines/prompt-templates-cheat-sheet","AGENTS.md;agents.md","Guía rápida de plantillas de prompts - Devin Docs","sitemap_exact_term","sitemap_exact_term","UNSCREENED","",""
"C0083","Devin","https://docs.devin.ai/es/essential-guidelines/sdlc-integration","AGENTS.md;agents.md","¿Cómo se integra Devin en mi SDLC actual? - Devin Docs","sitemap_exact_term","sitemap_exact_term","UNSCREENED","",""
"C0084","Devin","https://docs.devin.ai/es/essential-guidelines/when-to-use-devin","AGENTS.md;agents.md","Cuándo usar Devin - Devin Docs","sitemap_exact_term","sitemap_exact_term","UNSCREENED","",""
"C0085","Devin","https://docs.devin.ai/es/onboard-devin/agents-md","AGENTS.md;agents.md","AGENTS.md - Devin Docs","sitemap_exact_term","sitemap_exact_term","UNSCREENED","",""
"C0086","Devin","https://docs.devin.ai/essential-guidelines/good-vs-bad-instructions","AGENTS.md;agents.md","Good vs. Bad Instructions - Devin Docs","sitemap_exact_term","sitemap_exact_term","UNSCREENED","",""
"C0087","Devin","https://docs.devin.ai/essential-guidelines/instructing-devin-effectively","AGENTS.md;agents.md","Instructing Devin Effectively - Devin Docs","sitemap_exact_term","sitemap_exact_term","UNSCREENED","",""
"C0088","Devin","https://docs.devin.ai/essential-guidelines/prompt-templates-cheat-sheet","AGENTS.md;agents.md","Prompt Templates Cheat Sheet - Devin Docs","sitemap_exact_term","sitemap_exact_term","UNSCREENED","",""
"C0089","Devin","https://docs.devin.ai/essential-guidelines/sdlc-integration","AGENTS.md;agents.md","How does Devin fit into my existing SDLC? - Devin Docs","sitemap_exact_term","sitemap_exact_term","UNSCREENED","",""
"C0090","Devin","https://docs.devin.ai/essential-guidelines/when-to-use-devin","AGENTS.md;agents.md","When to Use Devin - Devin Docs","sitemap_exact_term","sitemap_exact_term","UNSCREENED","",""
"C0091","Devin","https://docs.devin.ai/fr/cli/extensibility/rules","AGENTS.md;CLAUDE.md;agents.md","Règles & AGENTS.md - Devin Docs","sitemap_exact_term","sitemap_exact_term","UNSCREENED","",""
"C0092","Devin","https://docs.devin.ai/fr/cli/subagents","AGENTS.md;agents.md","Sous-agents - Devin Docs","sitemap_exact_term","sitemap_exact_term","UNSCREENED","",""
"C0093","Devin","https://docs.devin.ai/fr/desktop/cascade/agents-md","AGENTS.md;agents.md","AGENTS.md - Devin Docs","sitemap_exact_term","sitemap_exact_term","UNSCREENED","",""
"C0094","Devin","https://docs.devin.ai/fr/desktop/cascade/app-deploys","AGENTS.md;agents.md","App Deploys","sitemap_exact_term","sitemap_exact_term","UNSCREENED","",""
"C0095","Devin","https://docs.devin.ai/fr/desktop/cascade/arena","AGENTS.md;agents.md","Mode Arena - Devin Docs","sitemap_exact_term","sitemap_exact_term","UNSCREENED","",""
"C0096","Devin","https://docs.devin.ai/fr/desktop/cascade/cascade","AGENTS.md;agents.md","Devin Desktop - Cascade","sitemap_exact_term","sitemap_exact_term","UNSCREENED","",""
"C0097","Devin","https://docs.devin.ai/fr/desktop/cascade/hooks","AGENTS.md;agents.md","Hooks de Cascade","sitemap_exact_term","sitemap_exact_term","UNSCREENED","",""
"C0098","Devin","https://docs.devin.ai/fr/desktop/cascade/mcp","AGENTS.md;agents.md","Intégration MCP de Cascade","sitemap_exact_term","sitemap_exact_term","UNSCREENED","",""
"C0099","Devin","https://docs.devin.ai/fr/desktop/cascade/memories","AGENTS.md;agents.md","Mémoires Cascade","sitemap_exact_term","sitemap_exact_term","UNSCREENED","",""
"C0100","Devin","https://docs.devin.ai/fr/desktop/cascade/modes","AGENTS.md;agents.md","Modes de Cascade","sitemap_exact_term","sitemap_exact_term","UNSCREENED","",""
"C0101","Devin","https://docs.devin.ai/fr/desktop/cascade/skills","AGENTS.md;agents.md","Skills de Cascade","sitemap_exact_term","sitemap_exact_term","UNSCREENED","",""
"C0102","Devin","https://docs.devin.ai/fr/desktop/cascade/web-search","AGENTS.md;agents.md","Recherche sur le web et dans la documentation - Devin Docs","sitemap_exact_term","sitemap_exact_term","UNSCREENED","",""
"C0103","Devin","https://docs.devin.ai/fr/desktop/cascade/workflows","AGENTS.md;agents.md","Workflows - Devin Docs","sitemap_exact_term","sitemap_exact_term","UNSCREENED","",""
"C0104","Devin","https://docs.devin.ai/fr/desktop/cascade/worktrees","AGENTS.md;agents.md","Worktrees - Devin Docs","sitemap_exact_term","sitemap_exact_term","UNSCREENED","",""
"C0105","Devin","https://docs.devin.ai/fr/essential-guidelines/good-vs-bad-instructions","AGENTS.md;agents.md","Bonnes vs mauvaises instructions - Devin Docs","sitemap_exact_term","sitemap_exact_term","UNSCREENED","",""
"C0106","Devin","https://docs.devin.ai/fr/essential-guidelines/instructing-devin-effectively","AGENTS.md;agents.md","Donner des instructions efficaces à Devin - Devin Docs","sitemap_exact_term","sitemap_exact_term","UNSCREENED","",""
"C0107","Devin","https://docs.devin.ai/fr/essential-guidelines/prompt-templates-cheat-sheet","AGENTS.md;agents.md","Aide-mémoire des modèles de prompt - Devin Docs","sitemap_exact_term","sitemap_exact_term","UNSCREENED","",""
"C0108","Devin","https://docs.devin.ai/fr/essential-guidelines/sdlc-integration","AGENTS.md;agents.md","Comment Devin s’intègre dans mon SDLC existant ? - Devin Docs","sitemap_exact_term","sitemap_exact_term","UNSCREENED","",""
"C0109","Devin","https://docs.devin.ai/fr/essential-guidelines/when-to-use-devin","AGENTS.md;agents.md","Quand utiliser Devin - Devin Docs","sitemap_exact_term","sitemap_exact_term","UNSCREENED","",""
"C0110","Devin","https://docs.devin.ai/fr/onboard-devin/agents-md","AGENTS.md;agents.md","AGENTS.md - Devin Docs","sitemap_exact_term","sitemap_exact_term","UNSCREENED","",""
"C0111","Devin","https://docs.devin.ai/it/cli/extensibility/rules","AGENTS.md;CLAUDE.md;agents.md","Regole e AGENTS.md - Devin Docs","sitemap_exact_term","sitemap_exact_term","UNSCREENED","",""
"C0112","Devin","https://docs.devin.ai/it/cli/subagents","AGENTS.md;agents.md","Subagent - Devin Docs","sitemap_exact_term","sitemap_exact_term","UNSCREENED","",""
"C0113","Devin","https://docs.devin.ai/it/desktop/cascade/agents-md","AGENTS.md;agents.md","AGENTS.md - Devin Docs","sitemap_exact_term","sitemap_exact_term","UNSCREENED","",""
"C0114","Devin","https://docs.devin.ai/it/desktop/cascade/app-deploys","AGENTS.md;agents.md","App Deploys","sitemap_exact_term","sitemap_exact_term","UNSCREENED","",""
"C0115","Devin","https://docs.devin.ai/it/desktop/cascade/arena","AGENTS.md;agents.md","Modalità Arena - Devin Docs","sitemap_exact_term","sitemap_exact_term","UNSCREENED","",""
"C0116","Devin","https://docs.devin.ai/it/desktop/cascade/cascade","AGENTS.md;agents.md","Devin Desktop - Cascade","sitemap_exact_term","sitemap_exact_term","UNSCREENED","",""
"C0117","Devin","https://docs.devin.ai/it/desktop/cascade/hooks","AGENTS.md;agents.md","Hook di Cascade","sitemap_exact_term","sitemap_exact_term","UNSCREENED","",""
"C0118","Devin","https://docs.devin.ai/it/desktop/cascade/mcp","AGENTS.md;agents.md","Integrazione MCP di Cascade","sitemap_exact_term","sitemap_exact_term","UNSCREENED","",""
"C0119","Devin","https://docs.devin.ai/it/desktop/cascade/memories","AGENTS.md;agents.md","Memorie di Cascade","sitemap_exact_term","sitemap_exact_term","UNSCREENED","",""
"C0120","Devin","https://docs.devin.ai/it/desktop/cascade/modes","AGENTS.md;agents.md","Modalità di Cascade","sitemap_exact_term","sitemap_exact_term","UNSCREENED","",""
"C0121","Devin","https://docs.devin.ai/it/desktop/cascade/skills","AGENTS.md;agents.md","Skills di Cascade","sitemap_exact_term","sitemap_exact_term","UNSCREENED","",""
"C0122","Devin","https://docs.devin.ai/it/desktop/cascade/web-search","AGENTS.md;agents.md","Ricerca sul web e nella documentazione - Devin Docs","sitemap_exact_term","sitemap_exact_term","UNSCREENED","",""
"C0123","Devin","https://docs.devin.ai/it/desktop/cascade/workflows","AGENTS.md;agents.md","Flussi di lavoro - Devin Docs","sitemap_exact_term","sitemap_exact_term","UNSCREENED","",""
"C0124","Devin","https://docs.devin.ai/it/desktop/cascade/worktrees","AGENTS.md;agents.md","Worktrees - Devin Docs","sitemap_exact_term","sitemap_exact_term","UNSCREENED","",""
"C0125","Devin","https://docs.devin.ai/it/essential-guidelines/good-vs-bad-instructions","AGENTS.md;agents.md","Istruzioni efficaci vs. inefficaci - Devin Docs","sitemap_exact_term","sitemap_exact_term","UNSCREENED","",""
"C0126","Devin","https://docs.devin.ai/it/essential-guidelines/instructing-devin-effectively","AGENTS.md;agents.md","Istruire Devin in modo efficace - Devin Docs","sitemap_exact_term","sitemap_exact_term","UNSCREENED","",""
"C0127","Devin","https://docs.devin.ai/it/essential-guidelines/prompt-templates-cheat-sheet","AGENTS.md;agents.md","Prontuario dei modelli di prompt - Devin Docs","sitemap_exact_term","sitemap_exact_term","UNSCREENED","",""
"C0128","Devin","https://docs.devin.ai/it/essential-guidelines/sdlc-integration","AGENTS.md;agents.md","Come si inserisce Devin nel mio SDLC esistente? - Devin Docs","sitemap_exact_term","sitemap_exact_term","UNSCREENED","",""
"C0129","Devin","https://docs.devin.ai/it/essential-guidelines/when-to-use-devin","AGENTS.md;agents.md","Quando utilizzare Devin - Devin Docs","sitemap_exact_term","sitemap_exact_term","UNSCREENED","",""
"C0130","Devin","https://docs.devin.ai/it/onboard-devin/agents-md","AGENTS.md;agents.md","AGENTS.md - Devin Docs","sitemap_exact_term","sitemap_exact_term","UNSCREENED","",""
"C0131","Factory","https://docs.factory.ai/cli/configuration/agents-md","AGENTS.md;agents.md","Factory AGENTS.md configuration","manual_seed;sitemap_exact_term","source_registry.csv;sitemap_exact_term","UNSCREENED","",""
"C0132","Factory Docs","https://docs.factory.ai/cli/features/readiness-report","AGENTS.md;agents.md","Readiness Report Command - Factory Documentation","sitemap_exact_term","sitemap_exact_term","UNSCREENED","",""
"C0133","Factory Docs","https://docs.factory.ai/enterprise/llm-safety-and-agent-controls","AGENTS.md;agents.md","LLM Safety & Agent Controls - Factory Documentation","sitemap_exact_term","sitemap_exact_term","UNSCREENED","",""
"C0134","Factory","https://docs.factory.ai/guides/power-user/setup-checklist","AGENTS.md;agents.md","Power User setup checklist","manual_seed;sitemap_exact_term","source_registry.csv;sitemap_exact_term","UNSCREENED","",""
"C0135","Factory Docs","https://docs.factory.ai/jp/cli/configuration/agents-md","AGENTS.md;agents.md","AGENTS.md - Factory Documentation","sitemap_exact_term","sitemap_exact_term","UNSCREENED","",""
"C0136","Factory Docs","https://docs.factory.ai/jp/cli/features/readiness-report","AGENTS.md;agents.md","スラッシュコマンド - Factory Documentation","sitemap_exact_term","sitemap_exact_term","UNSCREENED","",""
"C0137","Factory Docs","https://docs.factory.ai/jp/guides/power-user/setup-checklist","AGENTS.md;agents.md","パワーユーザーセットアップチェックリスト - Factory Documentation","sitemap_exact_term","sitemap_exact_term","UNSCREENED","",""
"C0138","Factory Docs","https://docs.factory.ai/jp/web/agent-readiness/overview","AGENTS.md;agents.md","概要 - Factory Documentation","sitemap_exact_term","sitemap_exact_term","UNSCREENED","",""
"C0139","Factory Docs","https://docs.factory.ai/reference/readiness-reports-api","AGENTS.md;agents.md","Readiness Reports API - Factory Documentation","sitemap_exact_term","sitemap_exact_term","UNSCREENED","",""
"C0140","Factory Docs","https://docs.factory.ai/web/agent-readiness/dashboard","AGENTS.md;agents.md","Readiness Dashboard - Factory Documentation","sitemap_exact_term","sitemap_exact_term","UNSCREENED","",""
"C0141","Factory Docs","https://docs.factory.ai/web/agent-readiness/overview","AGENTS.md;agents.md","Overview - Factory Documentation","sitemap_exact_term","sitemap_exact_term","UNSCREENED","",""
"C0142","GitHub Copilot","https://docs.github.com/copilot/how-tos/agents/copilot-coding-agent/best-practices-for-using-copilot-to-work-on-tasks","AGENTS.md;CLAUDE.md","Best practices for using Copilot coding agent","manual_seed","source_registry.csv","UNSCREENED","",""
"C0143","GitHub Copilot","https://docs.github.com/copilot/how-tos/configure-custom-instructions/add-repository-instructions","AGENTS.md","Add repository custom instructions","manual_seed","source_registry.csv","UNSCREENED","",""
"C0144","RooCode","https://docs.roocode.com/features/custom-instructions","AGENTS.md","Custom instructions","manual_seed","source_registry.csv","UNSCREENED","",""
"C0145","RooCode","https://docs.roocode.com/update-notes/v3.24.0","AGENTS.md","Roo Code v3.24.0","manual_seed","source_registry.csv","UNSCREENED","",""
"C0146","RooCode","https://docs.roocode.com/update-notes/v3.38","AGENTS.md","Roo Code v3.38","manual_seed","source_registry.csv","UNSCREENED","",""
"C0147","Semgrep","https://docs.semgrep.dev/guardian","AGENTS.md","Semgrep Guardian","manual_seed","source_registry.csv","UNSCREENED","",""
"C0148","UiPath","https://docs.uipath.com/uipath-cli/standalone/latest/user-guide/coding-agents","AGENTS.md","UiPath CLI with Coding Agents","manual_seed","source_registry.csv","UNSCREENED","",""
"C0149","Warp","https://docs.warp.dev/agent-platform/capabilities/rules/","AGENTS.md;CLAUDE.md","Rules for agents","manual_seed","source_registry.csv","UNSCREENED","",""
"C0150","Windsurf","https://docs.windsurf.com/de/windsurf/accounts/api-reference/cascade-analytics","AGENTS.md;agents.md","Cascade Analytics abrufen - Windsurf Docs","sitemap_exact_term","sitemap_exact_term","UNSCREENED","",""
"C0151","Windsurf","https://docs.windsurf.com/de/windsurf/cascade/agents-md","AGENTS.md;agents.md","AGENTS.md - Windsurf Docs","sitemap_exact_term","sitemap_exact_term","UNSCREENED","",""
"C0152","Windsurf","https://docs.windsurf.com/de/windsurf/cascade/app-deploys","AGENTS.md;agents.md","App Deploys","sitemap_exact_term","sitemap_exact_term","UNSCREENED","",""
"C0153","Windsurf","https://docs.windsurf.com/de/windsurf/cascade/arena","AGENTS.md;agents.md","Arena-Modus - Windsurf Docs","sitemap_exact_term","sitemap_exact_term","UNSCREENED","",""
"C0154","Windsurf","https://docs.windsurf.com/de/windsurf/cascade/cascade","AGENTS.md;agents.md","Windsurf - Cascade","sitemap_exact_term","sitemap_exact_term","UNSCREENED","",""
"C0155","Windsurf","https://docs.windsurf.com/de/windsurf/cascade/hooks","AGENTS.md;agents.md","Cascade Hooks","sitemap_exact_term","sitemap_exact_term","UNSCREENED","",""
"C0156","Windsurf","https://docs.windsurf.com/de/windsurf/cascade/mcp","AGENTS.md;agents.md","Cascade MCP-Integration","sitemap_exact_term","sitemap_exact_term","UNSCREENED","",""
"C0157","Windsurf","https://docs.windsurf.com/de/windsurf/cascade/memories","AGENTS.md;agents.md","Cascade Memories","sitemap_exact_term","sitemap_exact_term","UNSCREENED","",""
"C0158","Windsurf","https://docs.windsurf.com/de/windsurf/cascade/modes","AGENTS.md;agents.md","Cascade-Modi","sitemap_exact_term","sitemap_exact_term","UNSCREENED","",""
"C0159","Windsurf","https://docs.windsurf.com/de/windsurf/cascade/skills","AGENTS.md;agents.md","Cascade Skills","sitemap_exact_term","sitemap_exact_term","UNSCREENED","",""
"C0160","Windsurf","https://docs.windsurf.com/de/windsurf/cascade/web-search","AGENTS.md;agents.md","Web- und Dokumentsuche - Windsurf Docs","sitemap_exact_term","sitemap_exact_term","UNSCREENED","",""
"C0161","Windsurf","https://docs.windsurf.com/de/windsurf/cascade/workflows","AGENTS.md;agents.md","Workflows - Windsurf Docs","sitemap_exact_term","sitemap_exact_term","UNSCREENED","",""
"C0162","Windsurf","https://docs.windsurf.com/de/windsurf/cascade/worktrees","AGENTS.md;agents.md","Worktrees - Windsurf Docs","sitemap_exact_term","sitemap_exact_term","UNSCREENED","",""
"C0163","Windsurf","https://docs.windsurf.com/es/windsurf/accounts/api-reference/cascade-analytics","AGENTS.md;agents.md","Obtener Analytics de Cascade - Windsurf Docs","sitemap_exact_term","sitemap_exact_term","UNSCREENED","",""
"C0164","Windsurf","https://docs.windsurf.com/es/windsurf/cascade/agents-md","AGENTS.md;agents.md","AGENTS.md - Windsurf Docs","sitemap_exact_term","sitemap_exact_term","UNSCREENED","",""
"C0165","Windsurf","https://docs.windsurf.com/es/windsurf/cascade/app-deploys","AGENTS.md;agents.md","Implementaciones de aplicaciones","sitemap_exact_term","sitemap_exact_term","UNSCREENED","",""
"C0166","Windsurf","https://docs.windsurf.com/es/windsurf/cascade/arena","AGENTS.md;agents.md","Modo Arena - Windsurf Docs","sitemap_exact_term","sitemap_exact_term","UNSCREENED","",""
"C0167","Windsurf","https://docs.windsurf.com/es/windsurf/cascade/cascade","AGENTS.md;agents.md","Windsurf - Cascade","sitemap_exact_term","sitemap_exact_term","UNSCREENED","",""
"C0168","Windsurf","https://docs.windsurf.com/es/windsurf/cascade/hooks","AGENTS.md;agents.md","Hooks de Cascade","sitemap_exact_term","sitemap_exact_term","UNSCREENED","",""
"C0169","Windsurf","https://docs.windsurf.com/es/windsurf/cascade/mcp","AGENTS.md;agents.md","Integración de Cascade con MCP","sitemap_exact_term","sitemap_exact_term","UNSCREENED","",""
"C0170","Windsurf","https://docs.windsurf.com/es/windsurf/cascade/memories","AGENTS.md;agents.md","Cascade Memories","sitemap_exact_term","sitemap_exact_term","UNSCREENED","",""
"C0171","Windsurf","https://docs.windsurf.com/es/windsurf/cascade/modes","AGENTS.md;agents.md","Modos de Cascade","sitemap_exact_term","sitemap_exact_term","UNSCREENED","",""
"C0172","Windsurf","https://docs.windsurf.com/es/windsurf/cascade/skills","AGENTS.md;agents.md","Cascade Skills","sitemap_exact_term","sitemap_exact_term","UNSCREENED","",""
"C0173","Windsurf","https://docs.windsurf.com/es/windsurf/cascade/web-search","AGENTS.md;agents.md","Búsqueda en la web y en la documentación - Windsurf Docs","sitemap_exact_term","sitemap_exact_term","UNSCREENED","",""
"C0174","Windsurf","https://docs.windsurf.com/es/windsurf/cascade/workflows","AGENTS.md;agents.md","Workflows - Windsurf Docs","sitemap_exact_term","sitemap_exact_term","UNSCREENED","",""
"C0175","Windsurf","https://docs.windsurf.com/es/windsurf/cascade/worktrees","AGENTS.md;agents.md","Worktrees de Git - Windsurf Docs","sitemap_exact_term","sitemap_exact_term","UNSCREENED","",""
"C0176","Windsurf","https://docs.windsurf.com/fr/windsurf/accounts/api-reference/cascade-analytics","AGENTS.md;agents.md","Obtenir les Analytics Cascade - Windsurf Docs","sitemap_exact_term","sitemap_exact_term","UNSCREENED","",""
"C0177","Windsurf","https://docs.windsurf.com/fr/windsurf/cascade/agents-md","AGENTS.md;agents.md","AGENTS.md - Windsurf Docs","sitemap_exact_term","sitemap_exact_term","UNSCREENED","",""
"C0178","Windsurf","https://docs.windsurf.com/fr/windsurf/cascade/app-deploys","AGENTS.md;agents.md","Déploiements d’apps","sitemap_exact_term","sitemap_exact_term","UNSCREENED","",""
"C0179","Windsurf","https://docs.windsurf.com/fr/windsurf/cascade/arena","AGENTS.md;agents.md","Mode Arena - Windsurf Docs","sitemap_exact_term","sitemap_exact_term","UNSCREENED","",""
"C0180","Windsurf","https://docs.windsurf.com/fr/windsurf/cascade/cascade","AGENTS.md;agents.md","Windsurf - Cascade","sitemap_exact_term","sitemap_exact_term","UNSCREENED","",""
"C0181","Windsurf","https://docs.windsurf.com/fr/windsurf/cascade/hooks","AGENTS.md;agents.md","Cascade Hooks","sitemap_exact_term","sitemap_exact_term","UNSCREENED","",""
"C0182","Windsurf","https://docs.windsurf.com/fr/windsurf/cascade/mcp","AGENTS.md;agents.md","Intégration MCP de Cascade","sitemap_exact_term","sitemap_exact_term","UNSCREENED","",""
"C0183","Windsurf","https://docs.windsurf.com/fr/windsurf/cascade/memories","AGENTS.md;agents.md","Cascade Memories","sitemap_exact_term","sitemap_exact_term","UNSCREENED","",""
"C0184","Windsurf","https://docs.windsurf.com/fr/windsurf/cascade/modes","AGENTS.md;agents.md","Modes de Cascade","sitemap_exact_term","sitemap_exact_term","UNSCREENED","",""
"C0185","Windsurf","https://docs.windsurf.com/fr/windsurf/cascade/skills","AGENTS.md;agents.md","Cascade Skills","sitemap_exact_term","sitemap_exact_term","UNSCREENED","",""
"C0186","Windsurf","https://docs.windsurf.com/fr/windsurf/cascade/web-search","AGENTS.md;agents.md","Recherche sur le Web et dans la documentation - Windsurf Docs","sitemap_exact_term","sitemap_exact_term","UNSCREENED","",""
"C0187","Windsurf","https://docs.windsurf.com/fr/windsurf/cascade/workflows","AGENTS.md;agents.md","Workflows - Windsurf Docs","sitemap_exact_term","sitemap_exact_term","UNSCREENED","",""
"C0188","Windsurf","https://docs.windsurf.com/fr/windsurf/cascade/worktrees","AGENTS.md;agents.md","Worktrees - Windsurf Docs","sitemap_exact_term","sitemap_exact_term","UNSCREENED","",""
"C0189","Windsurf","https://docs.windsurf.com/ja/windsurf/accounts/api-reference/cascade-analytics","AGENTS.md;agents.md","Cascade Analytics の取得 - Windsurf Docs","sitemap_exact_term","sitemap_exact_term","UNSCREENED","",""
"C0190","Windsurf","https://docs.windsurf.com/ja/windsurf/cascade/agents-md","AGENTS.md;agents.md","AGENTS.md - Windsurf Docs","sitemap_exact_term","sitemap_exact_term","UNSCREENED","",""
"C0191","Windsurf","https://docs.windsurf.com/ja/windsurf/cascade/app-deploys","AGENTS.md;agents.md","App Deploys","sitemap_exact_term","sitemap_exact_term","UNSCREENED","",""
"C0192","Windsurf","https://docs.windsurf.com/ja/windsurf/cascade/arena","AGENTS.md;agents.md","アリーナモード - Windsurf Docs","sitemap_exact_term","sitemap_exact_term","UNSCREENED","",""
"C0193","Windsurf","https://docs.windsurf.com/ja/windsurf/cascade/cascade","AGENTS.md;agents.md","Windsurf - Cascade","sitemap_exact_term","sitemap_exact_term","UNSCREENED","",""
"C0194","Windsurf","https://docs.windsurf.com/ja/windsurf/cascade/hooks","AGENTS.md;agents.md","Cascade Hooks","sitemap_exact_term","sitemap_exact_term","UNSCREENED","",""
"C0195","Windsurf","https://docs.windsurf.com/ja/windsurf/cascade/mcp","AGENTS.md;agents.md","Cascade MCP Integration","sitemap_exact_term","sitemap_exact_term","UNSCREENED","",""
"C0196","Windsurf","https://docs.windsurf.com/ja/windsurf/cascade/memories","AGENTS.md;agents.md","Cascade Memories","sitemap_exact_term","sitemap_exact_term","UNSCREENED","",""
"C0197","Windsurf","https://docs.windsurf.com/ja/windsurf/cascade/modes","AGENTS.md;agents.md","Cascade モード","sitemap_exact_term","sitemap_exact_term","UNSCREENED","",""
"C0198","Windsurf","https://docs.windsurf.com/ja/windsurf/cascade/skills","AGENTS.md;agents.md","Cascade Skills","sitemap_exact_term","sitemap_exact_term","UNSCREENED","",""
"C0199","Windsurf","https://docs.windsurf.com/ja/windsurf/cascade/web-search","AGENTS.md;agents.md","Web とドキュメント検索 - Windsurf Docs","sitemap_exact_term","sitemap_exact_term","UNSCREENED","",""
"C0200","Windsurf","https://docs.windsurf.com/ja/windsurf/cascade/workflows","AGENTS.md;agents.md","Workflows - Windsurf Docs","sitemap_exact_term","sitemap_exact_term","UNSCREENED","",""
"C0201","Windsurf","https://docs.windsurf.com/ja/windsurf/cascade/worktrees","AGENTS.md;agents.md","ワークツリー - Windsurf Docs","sitemap_exact_term","sitemap_exact_term","UNSCREENED","",""
"C0202","Windsurf","https://docs.windsurf.com/pt-BR/windsurf/accounts/api-reference/cascade-analytics","AGENTS.md;agents.md","Obter Analytics do Cascade - Windsurf Docs","sitemap_exact_term","sitemap_exact_term","UNSCREENED","",""
"C0203","Windsurf","https://docs.windsurf.com/pt-BR/windsurf/cascade/agents-md","AGENTS.md;agents.md","AGENTS.md - Windsurf Docs","sitemap_exact_term","sitemap_exact_term","UNSCREENED","",""
"C0204","Windsurf","https://docs.windsurf.com/pt-BR/windsurf/cascade/app-deploys","AGENTS.md;agents.md","Implantações de aplicativos","sitemap_exact_term","sitemap_exact_term","UNSCREENED","",""
"C0205","Windsurf","https://docs.windsurf.com/pt-BR/windsurf/cascade/arena","AGENTS.md;agents.md","Modo Arena - Windsurf Docs","sitemap_exact_term","sitemap_exact_term","UNSCREENED","",""
"C0206","Windsurf","https://docs.windsurf.com/pt-BR/windsurf/cascade/cascade","AGENTS.md;agents.md","Windsurf - Cascade","sitemap_exact_term","sitemap_exact_term","UNSCREENED","",""
"C0207","Windsurf","https://docs.windsurf.com/pt-BR/windsurf/cascade/hooks","AGENTS.md;agents.md","Hooks do Cascade","sitemap_exact_term","sitemap_exact_term","UNSCREENED","",""
"C0208","Windsurf","https://docs.windsurf.com/pt-BR/windsurf/cascade/mcp","AGENTS.md;agents.md","Integração do Cascade com MCP","sitemap_exact_term","sitemap_exact_term","UNSCREENED","",""
"C0209","Windsurf","https://docs.windsurf.com/pt-BR/windsurf/cascade/memories","AGENTS.md;agents.md","Cascade Memories","sitemap_exact_term","sitemap_exact_term","UNSCREENED","",""
"C0210","Windsurf","https://docs.windsurf.com/pt-BR/windsurf/cascade/modes","AGENTS.md;agents.md","Modos do Cascade","sitemap_exact_term","sitemap_exact_term","UNSCREENED","",""
"C0211","Windsurf","https://docs.windsurf.com/pt-BR/windsurf/cascade/skills","AGENTS.md;agents.md","Skills do Cascade","sitemap_exact_term","sitemap_exact_term","UNSCREENED","",""
"C0212","Windsurf","https://docs.windsurf.com/pt-BR/windsurf/cascade/web-search","AGENTS.md;agents.md","Pesquisa na Web e em Documentação - Windsurf Docs","sitemap_exact_term","sitemap_exact_term","UNSCREENED","",""
"C0213","Windsurf","https://docs.windsurf.com/pt-BR/windsurf/cascade/workflows","AGENTS.md;agents.md","Workflows - Windsurf Docs","sitemap_exact_term","sitemap_exact_term","UNSCREENED","",""
"C0214","Windsurf","https://docs.windsurf.com/pt-BR/windsurf/cascade/worktrees","AGENTS.md;agents.md","Worktrees - Windsurf Docs","sitemap_exact_term","sitemap_exact_term","UNSCREENED","",""
"C0215","Windsurf","https://docs.windsurf.com/ro/windsurf/accounts/api-reference/cascade-analytics","AGENTS.md;agents.md","Obține Analytics pentru Cascade - Windsurf Docs","sitemap_exact_term","sitemap_exact_term","UNSCREENED","",""
"C0216","Windsurf","https://docs.windsurf.com/ro/windsurf/cascade/agents-md","AGENTS.md;agents.md","AGENTS.md - Windsurf Docs","sitemap_exact_term","sitemap_exact_term","UNSCREENED","",""
"C0217","Windsurf","https://docs.windsurf.com/ro/windsurf/cascade/app-deploys","AGENTS.md;agents.md","Implementări de aplicații","sitemap_exact_term","sitemap_exact_term","UNSCREENED","",""
"C0218","Windsurf","https://docs.windsurf.com/ro/windsurf/cascade/arena","AGENTS.md;agents.md","Mod Arena - Windsurf Docs","sitemap_exact_term","sitemap_exact_term","UNSCREENED","",""
"C0219","Windsurf","https://docs.windsurf.com/ro/windsurf/cascade/cascade","AGENTS.md;agents.md","Windsurf - Cascade","sitemap_exact_term","sitemap_exact_term","UNSCREENED","",""
"C0220","Windsurf","https://docs.windsurf.com/ro/windsurf/cascade/hooks","AGENTS.md;agents.md","Cascade Hooks","sitemap_exact_term","sitemap_exact_term","UNSCREENED","",""
"C0221","Windsurf","https://docs.windsurf.com/ro/windsurf/cascade/mcp","AGENTS.md;agents.md","Integrare Cascade MCP","sitemap_exact_term","sitemap_exact_term","UNSCREENED","",""
"C0222","Windsurf","https://docs.windsurf.com/ro/windsurf/cascade/memories","AGENTS.md;agents.md","Cascade Memories","sitemap_exact_term","sitemap_exact_term","UNSCREENED","",""
"C0223","Windsurf","https://docs.windsurf.com/ro/windsurf/cascade/modes","AGENTS.md;agents.md","Moduri Cascade","sitemap_exact_term","sitemap_exact_term","UNSCREENED","",""
"C0224","Windsurf","https://docs.windsurf.com/ro/windsurf/cascade/skills","AGENTS.md;agents.md","Cascade Skills","sitemap_exact_term","sitemap_exact_term","UNSCREENED","",""
"C0225","Windsurf","https://docs.windsurf.com/ro/windsurf/cascade/web-search","AGENTS.md;agents.md","Căutare pe web și în documentație - Windsurf Docs","sitemap_exact_term","sitemap_exact_term","UNSCREENED","",""
"C0226","Windsurf","https://docs.windsurf.com/ro/windsurf/cascade/workflows","AGENTS.md;agents.md","Workflows - Windsurf Docs","sitemap_exact_term","sitemap_exact_term","UNSCREENED","",""
"C0227","Windsurf","https://docs.windsurf.com/ro/windsurf/cascade/worktrees","AGENTS.md;agents.md","Worktrees - Windsurf Docs","sitemap_exact_term","sitemap_exact_term","UNSCREENED","",""
"C0228","Windsurf","https://docs.windsurf.com/windsurf/cascade/agents-md","AGENTS.md;agents.md","Windsurf AGENTS.md","manual_seed;sitemap_exact_term","source_registry.csv;sitemap_exact_term","UNSCREENED","",""
"C0229","Windsurf","https://docs.windsurf.com/windsurf/cascade/app-deploys","AGENTS.md;agents.md","App Deploys","sitemap_exact_term","sitemap_exact_term","UNSCREENED","",""
"C0230","Windsurf","https://docs.windsurf.com/windsurf/cascade/arena","AGENTS.md;agents.md","Arena Mode - Devin Docs","sitemap_exact_term","sitemap_exact_term","UNSCREENED","",""
"C0231","Windsurf","https://docs.windsurf.com/windsurf/cascade/cascade","AGENTS.md;agents.md","Devin Desktop - Cascade","sitemap_exact_term","sitemap_exact_term","UNSCREENED","",""
"C0232","Windsurf","https://docs.windsurf.com/windsurf/cascade/hooks","AGENTS.md;agents.md","Cascade Hooks","sitemap_exact_term","sitemap_exact_term","UNSCREENED","",""
"C0233","Windsurf","https://docs.windsurf.com/windsurf/cascade/mcp","AGENTS.md;agents.md","Cascade MCP Integration","sitemap_exact_term","sitemap_exact_term","UNSCREENED","",""
"C0234","Windsurf","https://docs.windsurf.com/windsurf/cascade/memories","AGENTS.md;agents.md","Cascade Memories","sitemap_exact_term","sitemap_exact_term","UNSCREENED","",""
"C0235","Windsurf","https://docs.windsurf.com/windsurf/cascade/modes","AGENTS.md;agents.md","Cascade Modes","sitemap_exact_term","sitemap_exact_term","UNSCREENED","",""
"C0236","Windsurf","https://docs.windsurf.com/windsurf/cascade/skills","AGENTS.md;agents.md","Cascade Skills","sitemap_exact_term","sitemap_exact_term","UNSCREENED","",""
"C0237","Windsurf","https://docs.windsurf.com/windsurf/cascade/web-search","AGENTS.md;agents.md","Web and Docs Search - Devin Docs","sitemap_exact_term","sitemap_exact_term","UNSCREENED","",""
"C0238","Windsurf","https://docs.windsurf.com/windsurf/cascade/workflows","AGENTS.md;agents.md","Workflows - Devin Docs","sitemap_exact_term","sitemap_exact_term","UNSCREENED","",""
"C0239","Windsurf","https://docs.windsurf.com/windsurf/cascade/worktrees","AGENTS.md;agents.md","Worktrees - Devin Docs","sitemap_exact_term","sitemap_exact_term","UNSCREENED","",""
"C0240","Windsurf","https://docs.windsurf.com/zh/windsurf/accounts/api-reference/cascade-analytics","AGENTS.md;agents.md","获取 Cascade Analytics - Windsurf Docs","sitemap_exact_term","sitemap_exact_term","UNSCREENED","",""
"C0241","Windsurf","https://docs.windsurf.com/zh/windsurf/cascade/agents-md","AGENTS.md;agents.md","AGENTS.md - Windsurf Docs","sitemap_exact_term","sitemap_exact_term","UNSCREENED","",""
"C0242","Windsurf","https://docs.windsurf.com/zh/windsurf/cascade/app-deploys","AGENTS.md;agents.md","应用部署","sitemap_exact_term","sitemap_exact_term","UNSCREENED","",""
"C0243","Windsurf","https://docs.windsurf.com/zh/windsurf/cascade/arena","AGENTS.md;agents.md","竞技场模式 - Windsurf Docs","sitemap_exact_term","sitemap_exact_term","UNSCREENED","",""
"C0244","Windsurf","https://docs.windsurf.com/zh/windsurf/cascade/cascade","AGENTS.md;agents.md","Windsurf - Cascade","sitemap_exact_term","sitemap_exact_term","UNSCREENED","",""
"C0245","Windsurf","https://docs.windsurf.com/zh/windsurf/cascade/hooks","AGENTS.md;agents.md","Cascade Hooks","sitemap_exact_term","sitemap_exact_term","UNSCREENED","",""
"C0246","Windsurf","https://docs.windsurf.com/zh/windsurf/cascade/mcp","AGENTS.md;agents.md","Cascade MCP Integration","sitemap_exact_term","sitemap_exact_term","UNSCREENED","",""
"C0247","Windsurf","https://docs.windsurf.com/zh/windsurf/cascade/memories","AGENTS.md;agents.md","Cascade Memories","sitemap_exact_term","sitemap_exact_term","UNSCREENED","",""
"C0248","Windsurf","https://docs.windsurf.com/zh/windsurf/cascade/modes","AGENTS.md;agents.md","Cascade 模式","sitemap_exact_term","sitemap_exact_term","UNSCREENED","",""
"C0249","Windsurf","https://docs.windsurf.com/zh/windsurf/cascade/skills","AGENTS.md;agents.md","Cascade 技能","sitemap_exact_term","sitemap_exact_term","UNSCREENED","",""
"C0250","Windsurf","https://docs.windsurf.com/zh/windsurf/cascade/web-search","AGENTS.md;agents.md","网页与文档搜索 - Windsurf Docs","sitemap_exact_term","sitemap_exact_term","UNSCREENED","",""
"C0251","Windsurf","https://docs.windsurf.com/zh/windsurf/cascade/workflows","AGENTS.md;agents.md","Workflows - Windsurf Docs","sitemap_exact_term","sitemap_exact_term","UNSCREENED","",""
"C0252","Windsurf","https://docs.windsurf.com/zh/windsurf/cascade/worktrees","AGENTS.md;agents.md","工作树 - Windsurf Docs","sitemap_exact_term","sitemap_exact_term","UNSCREENED","",""
"C0253","Factory","https://factory.ai/agent-readiness/arindam200_awesome-ai-apps","AGENTS.md;CLAUDE.md;agents.md","Awesome AI Apps Agent Readiness Report | Factory","sitemap_exact_term","sitemap_exact_term","UNSCREENED","",""
"C0254","Factory","https://factory.ai/agent-readiness/badlogic_pi-mono","AGENTS.md;agents.md","pi-mono Agent Readiness Report | Factory","sitemap_exact_term","sitemap_exact_term","UNSCREENED","",""
"C0255","Factory","https://factory.ai/agent-readiness/clawdbot_clawdbot","AGENTS.md;agents.md","Clawdbot Agent Readiness Report | Factory","sitemap_exact_term","sitemap_exact_term","UNSCREENED","",""
"C0256","Factory","https://factory.ai/agent-readiness/colinhacks_zod","AGENTS.md;agents.md","Zod Agent Readiness Report | Factory","sitemap_exact_term","sitemap_exact_term","UNSCREENED","",""
"C0257","Factory","https://factory.ai/agent-readiness/encode_httpx","AGENTS.md;agents.md","HTTPX Agent Readiness Report | Factory","sitemap_exact_term","sitemap_exact_term","UNSCREENED","",""
"C0258","Factory","https://factory.ai/agent-readiness/expressjs_express","AGENTS.md;agents.md","Express Agent Readiness Report | Factory","sitemap_exact_term","sitemap_exact_term","UNSCREENED","",""
"C0259","Factory","https://factory.ai/agent-readiness/go-kit_kit","AGENTS.md;agents.md","Go kit Agent Readiness Report | Factory","sitemap_exact_term","sitemap_exact_term","UNSCREENED","",""
"C0260","Factory","https://factory.ai/agent-readiness/kcosr_assistant","AGENTS.md;agents.md","Assistant Agent Readiness Report | Factory","sitemap_exact_term","sitemap_exact_term","UNSCREENED","",""
"C0261","Factory","https://factory.ai/agent-readiness/kcosr_build-service","AGENTS.md;agents.md","Build Service Agent Readiness Report | Factory","sitemap_exact_term","sitemap_exact_term","UNSCREENED","",""
"C0262","Factory","https://factory.ai/agent-readiness/mellow-artificial-intelligence_open-xtract","AGENTS.md;agents.md","Open Xtract Agent Readiness Report | Factory","sitemap_exact_term","sitemap_exact_term","UNSCREENED","",""
"C0263","Factory","https://factory.ai/agent-readiness/montrellcruse_quorum-sql","AGENTS.md;agents.md","Quorum SQL Agent Readiness Report | Factory","sitemap_exact_term","sitemap_exact_term","UNSCREENED","",""
"C0264","Factory","https://factory.ai/agent-readiness/openai_codex","AGENTS.md;agents.md","Codex Agent Readiness Report | Factory","sitemap_exact_term","sitemap_exact_term","UNSCREENED","",""
"C0265","Factory","https://factory.ai/agent-readiness/pytest-dev_pytest","AGENTS.md;agents.md","pytest Agent Readiness Report | Factory","sitemap_exact_term","sitemap_exact_term","UNSCREENED","",""
"C0266","Factory","https://factory.ai/agent-readiness/realzachi_whisperswift","AGENTS.md;CLAUDE.md;agents.md","WhisperSwift Agent Readiness Report | Factory","sitemap_exact_term","sitemap_exact_term","UNSCREENED","",""
"C0267","Factory","https://factory.ai/agent-readiness/sinelaw_fresh","AGENTS.md;agents.md","Fresh Agent Readiness Report | Factory","sitemap_exact_term","sitemap_exact_term","UNSCREENED","",""
"C0268","Factory","https://factory.ai/agent-readiness/sudz_sam-lms","AGENTS.md;agents.md","SAM LMS Agent Readiness Report | Factory","sitemap_exact_term","sitemap_exact_term","UNSCREENED","",""
"C0269","Factory","https://factory.ai/agent-readiness/tiangolo_typer","AGENTS.md;agents.md","Typer Agent Readiness Report | Factory","sitemap_exact_term","sitemap_exact_term","UNSCREENED","",""
"C0270","Factory","https://factory.ai/agent-readiness/uber-go_zap","AGENTS.md;agents.md","zap Agent Readiness Report | Factory","sitemap_exact_term","sitemap_exact_term","UNSCREENED","",""
"C0271","Factory","https://factory.ai/agent-readiness/zed-industries_zed","AGENTS.md;agents.md","Zed Agent Readiness Report | Factory","sitemap_exact_term","sitemap_exact_term","UNSCREENED","",""
"C0272","Factory","https://factory.ai/news/agent-readiness","AGENTS.md;agents.md","Introducing Agent Readiness | Factory.ai","sitemap_exact_term","sitemap_exact_term","UNSCREENED","",""
"C0273","Factory","https://factory.ai/news/agents-md","AGENTS.md;CLAUDE.md;agents.md","Factory joins AGENTS.md collaboration","manual_seed;sitemap_exact_term","source_registry.csv;sitemap_exact_term","UNSCREENED","",""
"C0274","Factory","https://factory.ai/news/build-with-agents","AGENTS.md;agents.md","Agent Native Development | Factory.ai","sitemap_exact_term","sitemap_exact_term","UNSCREENED","",""
"C0275","Factory","https://factory.ai/news/missions-architecture","AGENTS.md;agents.md","How Missions Work | Factory.ai","sitemap_exact_term","sitemap_exact_term","UNSCREENED","",""
"C0276","Factory","https://factory.ai/news/using-linters-to-direct-agents","AGENTS.md;agents.md","Using linters to direct agents","manual_seed;sitemap_exact_term","source_registry.csv;sitemap_exact_term","UNSCREENED","",""
"C0277","Cursor","https://forum.cursor.com/t/do-i-still-need-rule-files-in-additional-agents-md-file/155815","AGENTS.md","Do I still need rule files in addition to AGENTS.md","manual_seed","source_registry.csv","UNSCREENED","",""
"C0278","OWASP","https://genai.owasp.org/","NONE","Agentic AI threat and mitigations resources","manual_seed","source_registry.csv","UNSCREENED","",""
"C0279","GitHub Copilot","https://github.blog/ai-and-ml/github-copilot/how-to-write-a-great-agents-md-lessons-from-over-2500-repositories/","AGENTS.md","How to write a great agents.md","manual_seed","source_registry.csv","UNSCREENED","",""
"C0280","GitHub Copilot","https://github.blog/changelog/2025-08-28-copilot-coding-agent-now-supports-agents-md-custom-instructions/","AGENTS.md","Copilot coding agent now supports AGENTS.md","manual_seed","source_registry.csv","UNSCREENED","",""
"C0281","GitHub Copilot","https://github.blog/changelog/2026-06-18-copilot-code-review-agents-md-support-and-ui-improvements/","AGENTS.md","Copilot code review AGENTS.md support","manual_seed","source_registry.csv","UNSCREENED","",""
"C0282","AGENTS.md","https://github.com/agentsmd/agents.md","AGENTS.md","agentsmd/agents.md repository","manual_seed","source_registry.csv","UNSCREENED","",""
"C0283","Meta","https://github.com/facebookresearch/meta-wearables-developer-tools","AGENTS.md","Meta Wearables developer tools repository","manual_seed","source_registry.csv","UNSCREENED","",""
"C0284","Google Gemini CLI","https://github.com/google-gemini/gemini-cli/blob/main/docs/cli/gemini-md.md","AGENTS.md","Gemini CLI context file docs","manual_seed","source_registry.csv","UNSCREENED","",""
"C0285","Hugging Face","https://huggingface.co/blog/agentic-resource-discovery-launch","AGENTS.md;agents.md","Agentic Resource Discovery: Let agents search","sitemap_exact_term","sitemap_exact_term","UNSCREENED","",""
"C0286","Hugging Face","https://huggingface.co/blog/hf-cli-for-agents","AGENTS.md;CLAUDE.md;agents.md","Designing the hf CLI as an agent-optimized way to work with the Hub","sitemap_exact_term","sitemap_exact_term","UNSCREENED","",""
"C0287","Hugging Face","https://huggingface.co/blog/mishig/spaces-agents-md","AGENTS.md;agents.md","How an Agent Built a 3D Paris Gallery by Chaining Two Hugging Face Spaces","sitemap_exact_term","sitemap_exact_term","UNSCREENED","",""
"C0288","Hugging Face","https://huggingface.co/blog/python-tiny-agents","AGENTS.md;agents.md","Tiny Agents in Python: a MCP-powered agent in ~70 lines of code","sitemap_exact_term","sitemap_exact_term","UNSCREENED","",""
"C0289","Hugging Face","https://huggingface.co/blog/spaces-agents-md","agents.md","Hugging Face Spaces and agents.md","manual_seed","source_registry.csv","UNSCREENED","",""
"C0290","Hugging Face","https://huggingface.co/blog/unsloth-jobs","AGENTS.md;agents.md","Train AI models with Unsloth and Hugging Face Jobs for FREE","sitemap_exact_term","sitemap_exact_term","UNSCREENED","",""
"C0291","Hugging Face","https://huggingface.co/changelog/spaces-agents-md","agents.md","Spaces agents.md support","manual_seed","source_registry.csv","UNSCREENED","",""
"C0292","Hugging Face","https://huggingface.co/docs/hub/spaces-agents-md","agents.md","Spaces agents.md","manual_seed","source_registry.csv","UNSCREENED","",""
"C0293","Google Jules","https://jules.google/docs/","AGENTS.md","Jules documentation","manual_seed","source_registry.csv","UNSCREENED","",""
"C0294","Google Jules","https://jules.google/docs/changelog/2025-06-20/","AGENTS.md","Jules Agent Update","manual_seed","source_registry.csv","UNSCREENED","",""
"C0295","Google Jules","https://jules.google/docs/changelog/2025-08-06/","AGENTS.md","Jules out of beta","manual_seed","source_registry.csv","UNSCREENED","",""
"C0296","Google Jules","https://jules.google/docs/environment/","agents.md","Jules environment setup","manual_seed","source_registry.csv","UNSCREENED","",""
"C0297","Junie","https://junie.jetbrains.com/docs/guidelines-and-memory.html","AGENTS.md","Guidelines and memory","manual_seed","source_registry.csv","UNSCREENED","",""
"C0298","Kilo","https://kilo.ai/articles/best-cli-coding-agents","AGENTS.md;agents.md","Best CLI AI Tools in 2026: CLI Coding Agents Compared","sitemap_exact_term","sitemap_exact_term","UNSCREENED","",""
"C0299","Kilo","https://kilo.ai/docs/automate/agent-manager-workflows","AGENTS.md;agents.md","Agent Manager Workflows","sitemap_exact_term","sitemap_exact_term","UNSCREENED","",""
"C0300","Kilo","https://kilo.ai/docs/code-with-ai/platforms/cli","AGENTS.md;agents.md","Kilo Code CLI: Run the AI Coding Agent from Your Terminal","sitemap_exact_term","sitemap_exact_term","UNSCREENED","",""
"C0301","Kilo","https://kilo.ai/docs/customize","AGENTS.md;agents.md","Customize","sitemap_exact_term","sitemap_exact_term","UNSCREENED","",""
"C0302","Kilo","https://kilo.ai/docs/customize/agent-permissions","AGENTS.md;agents.md","Agent Permissions","sitemap_exact_term","sitemap_exact_term","UNSCREENED","",""
"C0303","Kilo Code","https://kilo.ai/docs/customize/agents-md","AGENTS.md;agents.md","Kilo Code AGENTS.md","manual_seed;sitemap_exact_term","source_registry.csv;sitemap_exact_term","UNSCREENED","",""
"C0304","Kilo","https://kilo.ai/docs/customize/context/codebase-indexing","AGENTS.md;agents.md","Codebase Indexing","sitemap_exact_term","sitemap_exact_term","UNSCREENED","",""
"C0305","Kilo","https://kilo.ai/docs/customize/context/context-condensing","AGENTS.md;agents.md","Context Condensing","sitemap_exact_term","sitemap_exact_term","UNSCREENED","",""
"C0306","Kilo","https://kilo.ai/docs/customize/context/kilocodeignore","AGENTS.md;agents.md",".kilocodeignore","sitemap_exact_term","sitemap_exact_term","UNSCREENED","",""
"C0307","Kilo","https://kilo.ai/docs/customize/custom-instructions","AGENTS.md;CLAUDE.md;agents.md","Custom Instructions","sitemap_exact_term","sitemap_exact_term","UNSCREENED","",""
"C0308","Kilo","https://kilo.ai/docs/customize/custom-modes","AGENTS.md;agents.md","Custom Modes","sitemap_exact_term","sitemap_exact_term","UNSCREENED","",""
"C0309","Kilo","https://kilo.ai/docs/customize/custom-rules","AGENTS.md;agents.md","Custom Rules","sitemap_exact_term","sitemap_exact_term","UNSCREENED","",""
"C0310","Kilo","https://kilo.ai/docs/customize/custom-subagents","AGENTS.md;agents.md","Custom Subagents","sitemap_exact_term","sitemap_exact_term","UNSCREENED","",""
"C0311","Kilo","https://kilo.ai/docs/customize/marketplace","AGENTS.md;agents.md","Marketplace","sitemap_exact_term","sitemap_exact_term","UNSCREENED","",""
"C0312","Kilo","https://kilo.ai/docs/customize/prompt-engineering","AGENTS.md;agents.md","Prompt Engineering","sitemap_exact_term","sitemap_exact_term","UNSCREENED","",""
"C0313","Kilo","https://kilo.ai/docs/customize/skills","AGENTS.md;agents.md","Skills","sitemap_exact_term","sitemap_exact_term","UNSCREENED","",""
"C0314","Kilo","https://kilo.ai/docs/customize/workflows","AGENTS.md;agents.md","Workflows","sitemap_exact_term","sitemap_exact_term","UNSCREENED","",""
"C0315","Kilo Code","https://kilocode.ai/docs/advanced-usage/memory-bank","AGENTS.md","Kilo memory bank","manual_seed","source_registry.csv","UNSCREENED","",""
"C0316","Ona","https://ona.com/docs/changelog","AGENTS.md;agents.md","Ona Changelog - Ona Documentation","sitemap_exact_term","sitemap_exact_term","UNSCREENED","",""
"C0317","Ona","https://ona.com/docs/ona/agents","AGENTS.md;agents.md","Ona Agents","sitemap_exact_term","sitemap_exact_term","UNSCREENED","",""
"C0318","Ona","https://ona.com/docs/ona/agents-md","AGENTS.md;agents.md","Ona AGENTS.md","manual_seed;sitemap_exact_term","source_registry.csv;sitemap_exact_term","UNSCREENED","",""
"C0319","Ona","https://ona.com/docs/ona/agents/codex","AGENTS.md;agents.md","Codex Agent - Ona Documentation","sitemap_exact_term","sitemap_exact_term","UNSCREENED","",""
"C0320","Ona","https://ona.com/docs/ona/agents/overview","AGENTS.md;agents.md","Ona Agent - Ona Documentation","sitemap_exact_term","sitemap_exact_term","UNSCREENED","",""
"C0321","Ona","https://ona.com/docs/ona/agents/skills","AGENTS.md;agents.md","Skills - Ona Documentation","sitemap_exact_term","sitemap_exact_term","UNSCREENED","",""
"C0322","Ona","https://ona.com/docs/ona/best-practices","AGENTS.md;agents.md","Best practices - Ona Documentation","sitemap_exact_term","sitemap_exact_term","UNSCREENED","",""
"C0323","Ona","https://ona.com/docs/ona/getting-started","AGENTS.md;agents.md","Overview - Ona Documentation","sitemap_exact_term","sitemap_exact_term","UNSCREENED","",""
"C0324","Ona","https://ona.com/docs/ona/integrations/configure-atlassian","AGENTS.md;agents.md","Atlassian - Ona Documentation","sitemap_exact_term","sitemap_exact_term","UNSCREENED","",""
"C0325","Ona","https://ona.com/docs/ona/integrations/configure-granola","AGENTS.md;agents.md","Granola - Ona Documentation","sitemap_exact_term","sitemap_exact_term","UNSCREENED","",""
"C0326","Ona","https://ona.com/docs/ona/integrations/configure-linear","AGENTS.md;agents.md","Linear - Ona Documentation","sitemap_exact_term","sitemap_exact_term","UNSCREENED","",""
"C0327","Ona","https://ona.com/docs/ona/integrations/configure-notion","AGENTS.md;agents.md","Notion - Ona Documentation","sitemap_exact_term","sitemap_exact_term","UNSCREENED","",""
"C0328","Ona","https://ona.com/docs/ona/integrations/configure-sentry","AGENTS.md;agents.md","Sentry - Ona Documentation","sitemap_exact_term","sitemap_exact_term","UNSCREENED","",""
"C0329","Ona","https://ona.com/docs/ona/quickstart","AGENTS.md;agents.md","Quickstart - Ona Documentation","sitemap_exact_term","sitemap_exact_term","UNSCREENED","",""
"C0330","Ona","https://ona.com/docs/ona/skills","AGENTS.md;agents.md","Organization-level skills - Ona Documentation","sitemap_exact_term","sitemap_exact_term","UNSCREENED","",""
"C0331","Ona","https://ona.com/docs/ona/understanding/how-ona-works","AGENTS.md;agents.md","How Ona Works - Ona","sitemap_exact_term","sitemap_exact_term","UNSCREENED","",""
"C0332","Ona","https://ona.com/docs/ona/workflows","AGENTS.md;agents.md","Workflows - Ona Documentation","sitemap_exact_term","sitemap_exact_term","UNSCREENED","",""
"C0333","Ona","https://ona.com/docs/workshops/lab-2-configuration","AGENTS.md;agents.md","Lab 2: Configuration as Code - Ona Documentation","sitemap_exact_term","sitemap_exact_term","UNSCREENED","",""
"C0334","Ona","https://ona.com/docs/workshops/lab-3-agents","AGENTS.md;agents.md","Lab 3: Agents in Action - Ona Documentation","sitemap_exact_term","sitemap_exact_term","UNSCREENED","",""
"C0335","Ona","https://ona.com/docs/workshops/lab-5-automations","AGENTS.md;agents.md","Lab 5: Automations at Scale - Ona Documentation","sitemap_exact_term","sitemap_exact_term","UNSCREENED","",""
"C0336","Ona","https://ona.com/docs/workshops/optional-examples","AGENTS.md;agents.md","Optional: Examples Library - Ona Documentation","sitemap_exact_term","sitemap_exact_term","UNSCREENED","",""
"C0337","Ona","https://ona.com/docs/workshops/overview","AGENTS.md;agents.md","Getting Started with Ona - Ona Documentation","sitemap_exact_term","sitemap_exact_term","UNSCREENED","",""
"C0338","Ona","https://ona.com/guides/background-agents-guide","AGENTS.md;agents.md","An engineering leader's guide to background agents · Ona","sitemap_exact_term","sitemap_exact_term","UNSCREENED","",""
"C0339","Ona","https://ona.com/stories/10x-engineer","AGENTS.md;agents.md","The 10x engineer: autonomous backlog execution with Ona Automations · Ona","sitemap_exact_term","sitemap_exact_term","UNSCREENED","",""
"C0340","Ona","https://ona.com/stories/background-agents-summit","AGENTS.md;agents.md","What we learned at the Background Agents summit · Ona","sitemap_exact_term","sitemap_exact_term","UNSCREENED","",""
"C0341","Ona","https://ona.com/stories/building-a-software-factory-week-1","AGENTS.md;agents.md","Building a software factory: Week 1, zero to product · Ona","sitemap_exact_term","sitemap_exact_term","UNSCREENED","",""
"C0342","Ona","https://ona.com/stories/driving-enterprise-ai-adoption","AGENTS.md;agents.md","How to actually drive AI adoption across a large enterprise · Ona","sitemap_exact_term","sitemap_exact_term","UNSCREENED","",""
"C0343","Ona","https://ona.com/stories/ona-best-practices","AGENTS.md;agents.md","Best practices - Ona Documentation","sitemap_exact_term","sitemap_exact_term","UNSCREENED","",""
"C0344","Ona","https://ona.com/stories/ramp-stripe-background-agent-infrastructure","AGENTS.md;agents.md","Ona is the background agent infra Ramp had to build · Ona","sitemap_exact_term","sitemap_exact_term","UNSCREENED","",""
"C0345","Ona","https://ona.com/stories/rise-of-the-citizen-developer","AGENTS.md;agents.md","The rise of the citizen developer · Ona","sitemap_exact_term","sitemap_exact_term","UNSCREENED","",""
"C0346","Ona","https://ona.com/stories/software-factory-what-we-learned","AGENTS.md;agents.md","We built a software factory in 10 days. Here's what we learned. · Ona","sitemap_exact_term","sitemap_exact_term","UNSCREENED","",""
"C0347","Ona","https://ona.com/templates/add-optimized-agents-md","AGENTS.md;agents.md","Add optimized AGENTS.md","manual_seed;sitemap_exact_term","source_registry.csv;sitemap_exact_term","UNSCREENED","",""
"C0348","Ona","https://ona.com/templates/feature-planner","AGENTS.md;agents.md","Feature planner - Ona Templates · Ona","sitemap_exact_term","sitemap_exact_term","UNSCREENED","",""
"C0349","OpenAI","https://openai.com/index/agentic-ai-foundation/","AGENTS.md","Introducing the Agentic AI Foundation","manual_seed","source_registry.csv","UNSCREENED","",""
"C0350","opencode","https://opencode.ai/docs/ar/rules","AGENTS.md;CLAUDE.md;agents.md","القواعد | OpenCode","sitemap_exact_term","sitemap_exact_term","UNSCREENED","",""
"C0351","opencode","https://opencode.ai/docs/da/rules","AGENTS.md;CLAUDE.md;agents.md","Regler | OpenCode","sitemap_exact_term","sitemap_exact_term","UNSCREENED","",""
"C0352","opencode","https://opencode.ai/docs/de/rules","AGENTS.md;CLAUDE.md;agents.md","Regeln | OpenCode","sitemap_exact_term","sitemap_exact_term","UNSCREENED","",""
"C0353","opencode","https://opencode.ai/docs/es/rules","AGENTS.md;CLAUDE.md;agents.md","Reglas | OpenCode","sitemap_exact_term","sitemap_exact_term","UNSCREENED","",""
"C0354","opencode","https://opencode.ai/docs/fr/rules","AGENTS.md;CLAUDE.md;agents.md","Règles | OpenCode","sitemap_exact_term","sitemap_exact_term","UNSCREENED","",""
"C0355","opencode","https://opencode.ai/docs/it/rules","AGENTS.md;CLAUDE.md;agents.md","Regole | OpenCode","sitemap_exact_term","sitemap_exact_term","UNSCREENED","",""
"C0356","opencode","https://opencode.ai/docs/ja/rules","AGENTS.md;CLAUDE.md;agents.md","ルール | OpenCode","sitemap_exact_term","sitemap_exact_term","UNSCREENED","",""
"C0357","opencode","https://opencode.ai/docs/ko/rules","AGENTS.md;CLAUDE.md;agents.md","규칙 | OpenCode","sitemap_exact_term","sitemap_exact_term","UNSCREENED","",""
"C0358","opencode","https://opencode.ai/docs/nb/rules","AGENTS.md;CLAUDE.md;agents.md","Regler | OpenCode","sitemap_exact_term","sitemap_exact_term","UNSCREENED","",""
"C0359","opencode","https://opencode.ai/docs/pl/rules","AGENTS.md;CLAUDE.md;agents.md","Zasady | OpenCode","sitemap_exact_term","sitemap_exact_term","UNSCREENED","",""
"C0360","opencode","https://opencode.ai/docs/pt-br/rules","AGENTS.md;CLAUDE.md;agents.md","Regras | OpenCode","sitemap_exact_term","sitemap_exact_term","UNSCREENED","",""
"C0361","opencode","https://opencode.ai/docs/ru/rules","AGENTS.md;CLAUDE.md;agents.md","Правила | OpenCode","sitemap_exact_term","sitemap_exact_term","UNSCREENED","",""
"C0362","opencode","https://opencode.ai/docs/rules","AGENTS.md;CLAUDE.md;agents.md","Rules | OpenCode","sitemap_exact_term","sitemap_exact_term","UNSCREENED","",""
"C0363","opencode","https://opencode.ai/docs/rules/","AGENTS.md","Rules","manual_seed","source_registry.csv","UNSCREENED","",""
"C0364","opencode","https://opencode.ai/docs/th/rules","AGENTS.md;CLAUDE.md;agents.md","กฎ | OpenCode","sitemap_exact_term","sitemap_exact_term","UNSCREENED","",""
"C0365","opencode","https://opencode.ai/docs/tr/rules","AGENTS.md;CLAUDE.md;agents.md","Kurallar | OpenCode","sitemap_exact_term","sitemap_exact_term","UNSCREENED","",""
"C0366","opencode","https://opencode.ai/docs/zh-cn/rules","AGENTS.md;CLAUDE.md;agents.md","规则 | OpenCode","sitemap_exact_term","sitemap_exact_term","UNSCREENED","",""
"C0367","opencode","https://opencode.ai/docs/zh-tw/rules","AGENTS.md;CLAUDE.md;agents.md","規則 | OpenCode","sitemap_exact_term","sitemap_exact_term","UNSCREENED","",""
"C0368","OWASP","https://owasp.org/www-project-top-10-for-large-language-model-applications/","NONE","LLM and GenAI security resources","manual_seed","source_registry.csv","UNSCREENED","",""
"C0369","Roo Code","https://roocodeinc.github.io/Roo-Code/features/custom-instructions","AGENTS.md;agents.md","Custom Instructions | Roo Code Documentation","sitemap_exact_term","sitemap_exact_term","UNSCREENED","",""
"C0370","Roo Code","https://roocodeinc.github.io/Roo-Code/update-notes/v3.24.0","AGENTS.md;agents.md","Roo Code 3.24.0 Release Notes (2025-07-26) | Roo Code Documentation","sitemap_exact_term","sitemap_exact_term","UNSCREENED","",""
"C0371","Roo Code","https://roocodeinc.github.io/Roo-Code/update-notes/v3.25","AGENTS.md;agents.md","Roo Code 3.25 Release Notes | Roo Code Documentation","sitemap_exact_term","sitemap_exact_term","UNSCREENED","",""
"C0372","Roo Code","https://roocodeinc.github.io/Roo-Code/update-notes/v3.25.13","AGENTS.md;agents.md","Roo Code 3.25.13 Release Notes (2025-08-13) | Roo Code Documentation","sitemap_exact_term","sitemap_exact_term","UNSCREENED","",""
"C0373","Roo Code","https://roocodeinc.github.io/Roo-Code/update-notes/v3.25.15","AGENTS.md;agents.md","Roo Code 3.25.15 Release Notes (2025-08-14) | Roo Code Documentation","sitemap_exact_term","sitemap_exact_term","UNSCREENED","",""
"C0374","Roo Code","https://roocodeinc.github.io/Roo-Code/update-notes/v3.25.4","AGENTS.md;agents.md","Roo Code 3.25.4 Release Notes (2025-07-31) | Roo Code Documentation","sitemap_exact_term","sitemap_exact_term","UNSCREENED","",""
"C0375","Roo Code","https://roocodeinc.github.io/Roo-Code/update-notes/v3.26","AGENTS.md;agents.md","Roo Code 3.26 Release Notes | Roo Code Documentation","sitemap_exact_term","sitemap_exact_term","UNSCREENED","",""
"C0376","Roo Code","https://roocodeinc.github.io/Roo-Code/update-notes/v3.26.0","AGENTS.md;agents.md","Roo Code 3.26.0 Release Notes (2025-08-26) | Roo Code Documentation","sitemap_exact_term","sitemap_exact_term","UNSCREENED","",""
"C0377","Roo Code","https://roocodeinc.github.io/Roo-Code/update-notes/v3.38","AGENTS.md;agents.md","Roo Code 3.38 Release Notes (Combined) | Roo Code Documentation","sitemap_exact_term","sitemap_exact_term","UNSCREENED","",""
"C0378","Roo Code","https://roocodeinc.github.io/Roo-Code/update-notes/v3.38.3","AGENTS.md;agents.md","Roo Code 3.38.3 Release Notes (2026-01-03) | Roo Code Documentation","sitemap_exact_term","sitemap_exact_term","UNSCREENED","",""
"C0379","Roo Code","https://roocodeinc.github.io/Roo-Code/update-notes/v3.47.0","AGENTS.md;agents.md","Roo Code 3.47.0 Release Notes (2026-02-05) | Roo Code Documentation","sitemap_exact_term","sitemap_exact_term","UNSCREENED","",""
"C0380","Semgrep","https://semgrep.dev/blog/2026/security-skills-ai-agents","AGENTS.md","Security skills for AI agents","manual_seed","source_registry.csv","UNSCREENED","",""
"C0381","Meta","https://wearables.developer.meta.com/docs/develop/dat/ai-assisted-agents-md/","AGENTS.md","AI-assisted development AGENTS.md","manual_seed","source_registry.csv","UNSCREENED","",""
"C0382","Anthropic","https://www.anthropic.com/engineering/april-23-postmortem","CLAUDE.md","An update on recent Claude Code quality reports \ Anthropic","sitemap_exact_term","sitemap_exact_term","UNSCREENED","",""
"C0383","Anthropic Claude Code","https://www.anthropic.com/engineering/claude-code-best-practices","CLAUDE.md","Claude Code best practices","manual_seed;sitemap_exact_term","source_registry.csv;sitemap_exact_term","UNSCREENED","",""
"C0384","Anthropic Claude Code","https://www.anthropic.com/engineering/effective-context-engineering-for-ai-agents","CLAUDE.md","Effective context engineering for AI agents","manual_seed;sitemap_exact_term","source_registry.csv;sitemap_exact_term","UNSCREENED","",""
"C0385","Anthropic","https://www.anthropic.com/engineering/how-we-contain-claude","CLAUDE.md","How we contain Claude across products \ Anthropic","sitemap_exact_term","sitemap_exact_term","UNSCREENED","",""
"C0386","Anthropic","https://www.anthropic.com/research/long-running-Claude","CLAUDE.md","Long-running Claude for scientific computing \ Anthropic","sitemap_exact_term","sitemap_exact_term","UNSCREENED","",""
"C0387","Augment","https://www.augmentcode.com/blog/hardest-part-about-going-ai-native","AGENTS.md;agents.md","The hardest part about going AI-native isn't just technical | Augment Code","sitemap_exact_term","sitemap_exact_term","UNSCREENED","",""
"C0388","Augment Code","https://www.augmentcode.com/blog/how-to-write-good-agents-dot-md-files","AGENTS.md","A good AGENTS.md is a model upgrade","manual_seed","source_registry.csv","UNSCREENED","",""
"C0389","Augment","https://www.augmentcode.com/blog/karpathy-skills-on-openclaw-agents-don-t-write-better-code-but-they-do-it-more-efficiently","AGENTS.md;agents.md","Karpathy skills on OpenClaw: agents don't write better code. But they do it more efficiently. | Augment Code","sitemap_exact_term","sitemap_exact_term","UNSCREENED","",""
"C0390","Augment Code","https://www.augmentcode.com/blog/your-agents-context-is-a-junk-drawer","AGENTS.md;CLAUDE.md;agents.md","Your agent's context is a junk drawer","manual_seed;sitemap_exact_term","source_registry.csv;sitemap_exact_term","UNSCREENED","",""
"C0391","Augment","https://www.augmentcode.com/guides/agent-learning-flywheel","AGENTS.md;agents.md","Agent Learning Flywheel: How AI Agents Improve | Augment Code","sitemap_exact_term","sitemap_exact_term","UNSCREENED","",""
"C0392","Augment","https://www.augmentcode.com/guides/agent-memory-vs-context-engineering","AGENTS.md;CLAUDE.md;agents.md","Agent Memory vs. Context Engineering: What Persists Between Sessions and What Doesn't | Augment Code","sitemap_exact_term","sitemap_exact_term","UNSCREENED","",""
"C0393","Augment","https://www.augmentcode.com/guides/agent-observability-for-ai-coding","AGENTS.md;agents.md","Agent Observability for AI Coding: How to Trace What Your Agents Actually Did | Augment Code","sitemap_exact_term","sitemap_exact_term","UNSCREENED","",""
"C0394","Augment","https://www.augmentcode.com/guides/agent-runtime-infrastructure-layer","AGENTS.md;agents.md","Agent Runtime: Infrastructure Layer Most Teams Underestimate | Augment Code","sitemap_exact_term","sitemap_exact_term","UNSCREENED","",""
"C0395","Augment","https://www.augmentcode.com/guides/agentic-ai-architecture-patterns","AGENTS.md;agents.md","Agentic AI Architecture Patterns: 9 System Designs | Augment Code","sitemap_exact_term","sitemap_exact_term","UNSCREENED","",""
"C0396","Augment","https://www.augmentcode.com/guides/agentic-development-security","AGENTS.md;agents.md","What Is Agentic Development Security (ADS)? Forrester's New AppSec Framework | Augment Code","sitemap_exact_term","sitemap_exact_term","UNSCREENED","",""
"C0397","Augment","https://www.augmentcode.com/guides/agentic-engineering-maturity-model","AGENTS.md;agents.md","Agentic Engineering Maturity Model: 5-Level Self-Assessment | Augment Code","sitemap_exact_term","sitemap_exact_term","UNSCREENED","",""
"C0398","Augment","https://www.augmentcode.com/guides/agentic-infrastructure-stack","AGENTS.md;agents.md","Agentic Infrastructure: What Actually Goes in the Stack | Augment Code","sitemap_exact_term","sitemap_exact_term","UNSCREENED","",""
"C0399","Augment","https://www.augmentcode.com/guides/agentic-sdlc","AGENTS.md;agents.md","Agentic SDLC: What Changes When Agents Run Development | Augment Code","sitemap_exact_term","sitemap_exact_term","UNSCREENED","",""
"C0400","Augment","https://www.augmentcode.com/guides/agentic-sdlc-coordinator","AGENTS.md;agents.md","Agentic SDLC Implementation: The Coordinator-Implementor-Verifier Pattern | Augment Code","sitemap_exact_term","sitemap_exact_term","UNSCREENED","",""
"C0401","Augment","https://www.augmentcode.com/guides/ai-agent-loop-token-cost-context-constraints","AGENTS.md;agents.md","AI Agent Loop Token Costs: How to Constrain Context | Augment Code","sitemap_exact_term","sitemap_exact_term","UNSCREENED","",""
"C0402","Augment","https://www.augmentcode.com/guides/ai-augmented-vs-agentic-sdlc","AGENTS.md;agents.md","AI-Augmented vs Agentic SDLC: Two Paths to the Same Outcome | Augment Code","sitemap_exact_term","sitemap_exact_term","UNSCREENED","",""
"C0403","Augment","https://www.augmentcode.com/guides/anthropic-agent-sdk-what-ships-vs-what-you-build","CLAUDE.md","Anthropic Agent SDK: What It Ships vs. What It Leaves to You | Augment Code","sitemap_exact_term","sitemap_exact_term","UNSCREENED","",""
"C0404","Augment","https://www.augmentcode.com/guides/api-contract-testing-agent-authored-specs","AGENTS.md;agents.md","API Contract Testing with Agent-Authored Specs | Augment Code","sitemap_exact_term","sitemap_exact_term","UNSCREENED","",""
"C0405","Augment","https://www.augmentcode.com/guides/cicd-ai-agents-pipeline-integration","AGENTS.md;agents.md","CI/CD for AI Agents: How to Integrate Agent Orchestration into Your Pipeline | Augment Code","sitemap_exact_term","sitemap_exact_term","UNSCREENED","",""
"C0406","Augment","https://www.augmentcode.com/guides/claude-agent-sdk-agent-loops-tool-calls","AGENTS.md;CLAUDE.md;agents.md","Claude Agent SDK: Agent Loops, Tool Calls, and Multi-Step Workflows | Augment Code","sitemap_exact_term","sitemap_exact_term","UNSCREENED","",""
"C0407","Augment","https://www.augmentcode.com/guides/claude-agent-sdk-skills-reusable-agent-capabilities","AGENTS.md;CLAUDE.md;agents.md","Claude Agent SDK Skills: Build Reusable Agent Capabilities | Augment Code","sitemap_exact_term","sitemap_exact_term","UNSCREENED","",""
"C0408","Augment","https://www.augmentcode.com/guides/context-engineering-enhancing-agentic-swarm-coding-through-intent-environment-and-system-memory","AGENTS.md;agents.md","Context Engineering: Enhancing Agentic Swarm Coding through Intent, Environment, and System Memory | Augment Code","sitemap_exact_term","sitemap_exact_term","UNSCREENED","",""
"C0409","Augment","https://www.augmentcode.com/guides/harness-engineering-ai-coding-agents","AGENTS.md;CLAUDE.md;agents.md","Harness Engineering for AI Coding Agents: Constraints That Ship Reliable Code | Augment Code","sitemap_exact_term","sitemap_exact_term","UNSCREENED","",""
"C0410","Augment","https://www.augmentcode.com/guides/how-do-enterprise-teams-build-agentic-workflows","AGENTS.md;agents.md","How Do Enterprise Teams Build Agentic Workflows? | Augment Code","sitemap_exact_term","sitemap_exact_term","UNSCREENED","",""
"C0411","Augment","https://www.augmentcode.com/guides/how-to-build-agents-md","AGENTS.md;CLAUDE.md;agents.md","How to Build Your AGENTS.md (2026): The Context File That Makes AI Coding Agents Actually Work | Augment Code","sitemap_exact_term","sitemap_exact_term","UNSCREENED","",""
"C0412","Augment","https://www.augmentcode.com/guides/how-to-define-custom-specialist-agents-in-intent","AGENTS.md;CLAUDE.md;agents.md","How to Define Custom Specialist Agents in Intent for Your Team's Workflow | Augment Code","sitemap_exact_term","sitemap_exact_term","UNSCREENED","",""
"C0413","Augment","https://www.augmentcode.com/guides/living-specs-for-ai-agent-development","AGENTS.md;CLAUDE.md;agents.md","How to Write Living Specs for AI Agent Development | Augment Code","sitemap_exact_term","sitemap_exact_term","UNSCREENED","",""
"C0414","Augment","https://www.augmentcode.com/guides/micro-specs-pattern-ai-agent-test-coverage","AGENTS.md;agents.md","Micro-Specs: The Pattern That Significantly Improves AI Agent Test Coverage in High-Risk Modules | Augment Code","sitemap_exact_term","sitemap_exact_term","UNSCREENED","",""
"C0415","Augment","https://www.augmentcode.com/guides/multi-agent-ai-operational-intelligence","AGENTS.md;agents.md","Multi-Agent AI for Operational Intelligence Guide | Augment Code","sitemap_exact_term","sitemap_exact_term","UNSCREENED","",""
"C0416","Augment","https://www.augmentcode.com/guides/multi-agent-ai-security-risks-compliance-fixes","AGENTS.md;agents.md","Multi-Agent AI Security: Enterprise Risks, Compliance, and Mitigation | Augment Code","sitemap_exact_term","sitemap_exact_term","UNSCREENED","",""
"C0417","Augment","https://www.augmentcode.com/guides/multi-agent-orchestration-architecture-guide","AGENTS.md;agents.md","Multi-Agent Orchestration: A Practical Architecture Without the Buzzwords | Augment Code","sitemap_exact_term","sitemap_exact_term","UNSCREENED","",""
"C0418","Augment","https://www.augmentcode.com/guides/multi-agent-outputs-n-pass-enterprise-audit","AGENTS.md;agents.md","What Multi-Agent Outputs Need to Pass Enterprise Audit: Attributability and Reversibility | Augment Code","sitemap_exact_term","sitemap_exact_term","UNSCREENED","",""
"C0419","Augment","https://www.augmentcode.com/guides/session-end-spec-update-ai-agents","AGENTS.md;CLAUDE.md;agents.md","The Session-End Spec Update That Keeps AI Agents on Track Across Days | Augment Code","sitemap_exact_term","sitemap_exact_term","UNSCREENED","",""
"C0420","Augment","https://www.augmentcode.com/guides/the-80-percent-problem-ai-agents-technical-debt","AGENTS.md;CLAUDE.md;agents.md","The 80% Problem: Why AI Agents Ship Fast But Create Hidden Technical Debt | Augment Code","sitemap_exact_term","sitemap_exact_term","UNSCREENED","",""
"C0421","Augment","https://www.augmentcode.com/guides/what-is-byoa-bring-your-own-agent","AGENTS.md;CLAUDE.md;agents.md","What Is BYOA in AI Development? A Complete Guide | Augment Code","sitemap_exact_term","sitemap_exact_term","UNSCREENED","",""
"C0422","Augment","https://www.augmentcode.com/guides/when-multi-agent-ai-is-overkill","AGENTS.md;agents.md","When Multi-Agent Is Overkill: A Decision Framework for Scaling AI Agent Workflows | Augment Code","sitemap_exact_term","sitemap_exact_term","UNSCREENED","",""
"C0423","Augment","https://www.augmentcode.com/guides/why-ai-agents-repeat-questions","AGENTS.md;CLAUDE.md;agents.md","Why AI Agents Keep Asking the Same Questions | Augment Code","sitemap_exact_term","sitemap_exact_term","UNSCREENED","",""
"C0424","Augment","https://www.augmentcode.com/learn/claude-code-86k-github-stars-terminal-ai-agent","AGENTS.md;agents.md","Anthropic's Claude Code hits 84.6K GitHub stars: why developers are skipping the IDE | Augment Code","sitemap_exact_term","sitemap_exact_term","UNSCREENED","",""
"C0425","Augment","https://www.augmentcode.com/learn/ecc-224k-stars-cross-harness-agent-config","AGENTS.md;CLAUDE.md;agents.md","ECC Hits 224k Stars: One Agent Config for Every Harness You Use | Augment Code","sitemap_exact_term","sitemap_exact_term","UNSCREENED","",""
"C0426","Augment","https://www.augmentcode.com/learn/ecc-v2-cross-harness-agent-system","AGENTS.md;CLAUDE.md;agents.md","ECC Ships v2.0.0: A Cross-Harness Agent System for Claude Code, Cursor, and Codex | Augment Code","sitemap_exact_term","sitemap_exact_term","UNSCREENED","",""
"C0427","Augment","https://www.augmentcode.com/learn/openai-codex-cli-terminal-agent","AGENTS.md;agents.md","OpenAI releases Codex CLI: what developers should know | Augment Code","sitemap_exact_term","sitemap_exact_term","UNSCREENED","",""
"C0428","Augment","https://www.augmentcode.com/learn/ruflo-claude-code-multi-agent-orchestration","AGENTS.md;agents.md","Ruflo ships multi-agent orchestration for Claude Code: why teams are wrapping the wrapper | Augment Code","sitemap_exact_term","sitemap_exact_term","UNSCREENED","",""
"C0429","Augment","https://www.augmentcode.com/tools/agent-frameworks-vs-platforms-langgraph","AGENTS.md;agents.md","Agent Frameworks vs. Platforms: Is LangGraph Enough? | Augment Code","sitemap_exact_term","sitemap_exact_term","UNSCREENED","",""
"C0430","Augment","https://www.augmentcode.com/tools/best-agentic-os-platforms","AGENTS.md;agents.md","Best Agentic OS Platforms for Enterprise Teams | Augment Code","sitemap_exact_term","sitemap_exact_term","UNSCREENED","",""
"C0431","Augment","https://www.augmentcode.com/tools/claude-code-agent-teams-vs-intent","CLAUDE.md","Claude Code Agent Teams vs. Intent: Workspace or Terminal Multi-Agent? | Augment Code","sitemap_exact_term","sitemap_exact_term","UNSCREENED","",""
"C0432","Augment","https://www.augmentcode.com/tools/claude-code-vs-claude-agent-sdk","AGENTS.md;CLAUDE.md;agents.md","Claude Code vs Claude Agent SDK: Which Is for What | Augment Code","sitemap_exact_term","sitemap_exact_term","UNSCREENED","",""
"C0433","Augment","https://www.augmentcode.com/tools/cursor-background-agents-vs-cosmos","AGENTS.md;agents.md","Cursor Background Agents vs Cosmos: IDE vs Agentic OS | Augment Code","sitemap_exact_term","sitemap_exact_term","UNSCREENED","",""
"C0434","Augment","https://www.augmentcode.com/tools/diy-multi-agent-setups-vs-intent","AGENTS.md;CLAUDE.md;agents.md","DIY Multi-Agent Setups: vs. Intent: Build or Buy for Agent Orchestration | Augment Code","sitemap_exact_term","sitemap_exact_term","UNSCREENED","",""
"C0435","Augment","https://www.augmentcode.com/tools/open-source-agent-orchestrators","AGENTS.md;agents.md","9 Open-Source Agent Orchestrators for AI Coding (2026) | Augment Code","sitemap_exact_term","sitemap_exact_term","UNSCREENED","",""
"C0436","Linux Foundation","https://www.linuxfoundation.org/press/linux-foundation-announces-the-formation-of-the-agentic-ai-foundation","AGENTS.md","Linux Foundation Announces the Agentic AI Foundation","manual_seed","source_registry.csv","UNSCREENED","",""
"C0437","Phoenix","https://www.phoenixframework.org/blog/phoenix-1-8-released","AGENTS.md","Phoenix 1.8 released","manual_seed","source_registry.csv","UNSCREENED","",""
"C0438","UiPath","https://www.uipath.com/developers/coding-agents","AGENTS.md","Coding agents","manual_seed","source_registry.csv","UNSCREENED","",""
"C0439","Zed","https://zed.dev/docs/ai/instructions.html","AGENTS.md","Agent instructions","manual_seed","source_registry.csv","UNSCREENED","",""
"C0440","Hacker News","https://hn.algolia.com/?query=AGENTS.md%20OR%20CLAUDE.md","AGENTS.md;CLAUDE.md","Hacker News search results for AGENTS.md and CLAUDE.md","community_search_channel","HN Algolia search channel","UNSCREENED","","Normalized community source channel; individual HN comments are not counted as separate paper sources."
